source,target,country,forecast_year,horizon,target_year,prediction,tv_1
IMF,ngdp_rpch,CAN,1990,0,1990,1.082,0.452
IMF,ngdp_rpch,CAN,1990,0.5,1990,1.598,0.452
IMF,ngdp_rpch,CAN,1990,1,1991,1.077,-1.705
IMF,ngdp_rpch,CAN,1990,1.5,1991,3.065,-1.705
IMF,ngdp_rpch,CAN,1991,0,1991,-0.855,-1.705
IMF,ngdp_rpch,CAN,1991,0.5,1991,-1.126,-1.705
IMF,ngdp_rpch,CAN,1991,1,1992,3.752,0.723
IMF,ngdp_rpch,CAN,1991,1.5,1992,3.575,0.723
IMF,ngdp_rpch,CAN,1992,0,1992,2.096,0.723
IMF,ngdp_rpch,CAN,1992,0.5,1992,2.296,0.723
IMF,ngdp_rpch,CAN,1992,1,1993,4.381,2.217
IMF,ngdp_rpch,CAN,1992,1.5,1993,4.9,2.217
IMF,ngdp_rpch,CAN,1993,0,1993,2.595,2.217
IMF,ngdp_rpch,CAN,1993,0.5,1993,3.178,2.217
IMF,ngdp_rpch,CAN,1993,1,1994,3.829,4.585
IMF,ngdp_rpch,CAN,1993,1.5,1994,4.399,4.585
IMF,ngdp_rpch,CAN,1994,0,1994,4.138,4.585
IMF,ngdp_rpch,CAN,1994,0.5,1994,3.462,4.585
IMF,ngdp_rpch,CAN,1994,1,1995,3.818,2.327
IMF,ngdp_rpch,CAN,1994,1.5,1995,4.075,2.327
IMF,ngdp_rpch,CAN,1995,0,1995,2.195,2.327
IMF,ngdp_rpch,CAN,1995,0.5,1995,4.335,2.327
IMF,ngdp_rpch,CAN,1995,1,1996,2.663,1.472
IMF,ngdp_rpch,CAN,1995,1.5,1996,2.592,1.472
IMF,ngdp_rpch,CAN,1996,0,1996,1.385,1.472
IMF,ngdp_rpch,CAN,1996,0.5,1996,1.925,1.472
IMF,ngdp_rpch,CAN,1996,1,1997,3.194,3.696
IMF,ngdp_rpch,CAN,1996,1.5,1997,2.931,3.696
IMF,ngdp_rpch,CAN,1997,0,1997,3.72,3.696
IMF,ngdp_rpch,CAN,1997,0.5,1997,3.461,3.696
IMF,ngdp_rpch,CAN,1997,1,1998,3.497,3.104
IMF,ngdp_rpch,CAN,1997,1.5,1998,3.443,3.104
IMF,ngdp_rpch,CAN,1998,0,1998,3.042,3.104
IMF,ngdp_rpch,CAN,1998,0.5,1998,3.152,3.104
IMF,ngdp_rpch,CAN,1998,1,1999,2.524,4.543
IMF,ngdp_rpch,CAN,1998,1.5,1999,2.817,4.543
IMF,ngdp_rpch,CAN,1999,0,1999,3.558,4.543
IMF,ngdp_rpch,CAN,1999,0.5,1999,2.563,4.543
IMF,ngdp_rpch,CAN,1999,1,2000,2.63,4.431
IMF,ngdp_rpch,CAN,1999,1.5,2000,2.466,4.431
IMF,ngdp_rpch,CAN,2000,0,2000,4.655,4.431
IMF,ngdp_rpch,CAN,2000,0.5,2000,3.74,4.431
IMF,ngdp_rpch,CAN,2000,1,2001,2.809,1.5
IMF,ngdp_rpch,CAN,2000,1.5,2001,2.677,1.5
IMF,ngdp_rpch,CAN,2001,0,2001,1.955,1.5
IMF,ngdp_rpch,CAN,2001,0.5,2001,2.269,1.5
IMF,ngdp_rpch,CAN,2001,1,2002,2.183,3.28
IMF,ngdp_rpch,CAN,2001,1.5,2002,2.449,3.28
IMF,ngdp_rpch,CAN,2002,0,2002,3.422,3.28
IMF,ngdp_rpch,CAN,2002,0.5,2002,2.525,3.28
IMF,ngdp_rpch,CAN,2002,1,2003,3.38,2.023
IMF,ngdp_rpch,CAN,2002,1.5,2003,3.595,2.023
IMF,ngdp_rpch,CAN,2003,0,2003,1.928,2.023
IMF,ngdp_rpch,CAN,2003,0.5,2003,2.767,2.023
IMF,ngdp_rpch,CAN,2003,1,2004,2.953,2.933
IMF,ngdp_rpch,CAN,2003,1.5,2004,3.208,2.933
IMF,ngdp_rpch,CAN,2004,0,2004,2.888,2.933
IMF,ngdp_rpch,CAN,2004,0.5,2004,2.558,2.933
IMF,ngdp_rpch,CAN,2004,1,2005,3.129,2.936
IMF,ngdp_rpch,CAN,2004,1.5,2005,3.131,2.936
IMF,ngdp_rpch,CAN,2005,0,2005,2.873,2.936
IMF,ngdp_rpch,CAN,2005,0.5,2005,2.774,2.936
IMF,ngdp_rpch,CAN,2005,1,2006,3.243,2.759
IMF,ngdp_rpch,CAN,2005,1.5,2006,3.044,2.759
IMF,ngdp_rpch,CAN,2006,0,2006,3.103,2.759
IMF,ngdp_rpch,CAN,2006,0.5,2006,3.08,2.759
IMF,ngdp_rpch,CAN,2006,1,2007,2.95,2.713
IMF,ngdp_rpch,CAN,2006,1.5,2007,3.006,2.713
IMF,ngdp_rpch,CAN,2007,0,2007,2.537,2.713
IMF,ngdp_rpch,CAN,2007,0.5,2007,2.41,2.713
IMF,ngdp_rpch,CAN,2007,1,2008,2.319,0.414
IMF,ngdp_rpch,CAN,2007,1.5,2008,2.932,0.414
IMF,ngdp_rpch,CAN,2008,0,2008,0.724,0.414
IMF,ngdp_rpch,CAN,2008,0.5,2008,1.32,0.414
IMF,ngdp_rpch,CAN,2008,1,2009,1.174,-2.462
IMF,ngdp_rpch,CAN,2008,1.5,2009,1.948,-2.462
IMF,ngdp_rpch,CAN,2009,0,2009,-2.479,-2.462
IMF,ngdp_rpch,CAN,2009,0.5,2009,-2.54,-2.462
IMF,ngdp_rpch,CAN,2009,1,2010,2.125,3.215
IMF,ngdp_rpch,CAN,2009,1.5,2010,1.159,3.215
IMF,ngdp_rpch,CAN,2010,0,2010,3.099,3.215
IMF,ngdp_rpch,CAN,2010,0.5,2010,3.142,3.215
IMF,ngdp_rpch,CAN,2010,1,2011,2.67,2.406
IMF,ngdp_rpch,CAN,2010,1.5,2011,3.203,2.406
IMF,ngdp_rpch,CAN,2011,0,2011,2.08,2.406
IMF,ngdp_rpch,CAN,2011,0.5,2011,2.752,2.406
IMF,ngdp_rpch,CAN,2011,1,2012,1.905,1.709
IMF,ngdp_rpch,CAN,2011,1.5,2012,2.625,1.709
IMF,ngdp_rpch,CAN,2012,0,2012,1.936,1.709
IMF,ngdp_rpch,CAN,2012,0.5,2012,2.057,1.709
IMF,ngdp_rpch,CAN,2012,1,2013,1.968,2.022
IMF,ngdp_rpch,CAN,2012,1.5,2013,2.163,2.022
IMF,ngdp_rpch,CAN,2013,0,2013,1.612,2.022
IMF,ngdp_rpch,CAN,2013,0.5,2013,1.464,2.022
IMF,ngdp_rpch,CAN,2013,1,2014,2.16,2.439
IMF,ngdp_rpch,CAN,2013,1.5,2014,2.387,2.439
IMF,ngdp_rpch,CAN,2014,0,2014,2.272,2.439
IMF,ngdp_rpch,CAN,2014,0.5,2014,2.299,2.439
IMF,ngdp_rpch,CAN,2014,1,2015,2.446,1.078
IMF,ngdp_rpch,CAN,2014,1.5,2015,2.365,1.078
IMF,ngdp_rpch,CAN,2015,0,2015,1.041,1.078
IMF,ngdp_rpch,CAN,2015,0.5,2015,2.157,1.078
IMF,ngdp_rpch,CAN,2015,1,2016,1.662,1.468
IMF,ngdp_rpch,CAN,2015,1.5,2016,2.025,1.468
IMF,ngdp_rpch,CAN,2016,0,2016,1.157,1.468
IMF,ngdp_rpch,CAN,2016,0.5,2016,1.452,1.468
IMF,ngdp_rpch,CAN,2016,1,2017,1.895,3.047
IMF,ngdp_rpch,CAN,2016,1.5,2017,1.913,3.047
IMF,ngdp_rpch,CAN,2017,0,2017,3.036,3.047
IMF,ngdp_rpch,CAN,2017,0.5,2017,1.941,3.047
IMF,ngdp_rpch,CAN,2017,1,2018,2.119,1.879
IMF,ngdp_rpch,CAN,2017,1.5,2018,1.956,1.879
IMF,ngdp_rpch,CAN,2018,0,2018,2.066,1.879
IMF,ngdp_rpch,CAN,2018,0.5,2018,2.079,1.879
IMF,ngdp_rpch,CAN,2018,1,2019,2.046,1.656
IMF,ngdp_rpch,CAN,2018,1.5,2019,2.037,1.656
IMF,ngdp_rpch,CAN,2019,0,2019,1.545,1.656
IMF,ngdp_rpch,CAN,2019,0.5,2019,1.458,1.656
IMF,ngdp_rpch,CAN,2019,1,2020,1.761,-5.313
IMF,ngdp_rpch,CAN,2019,1.5,2020,1.93,-5.313
IMF,ngdp_rpch,CAN,2020,0,2020,-7.141,-5.313
IMF,ngdp_rpch,CAN,2020,0.5,2020,-6.226,-5.313
IMF,ngdp_rpch,CAN,2020,1,2021,5.176,4.541
IMF,ngdp_rpch,CAN,2020,1.5,2021,4.246,4.541
IMF,ngdp_rpch,CAN,2021,0,2021,5.688,4.541
IMF,ngdp_rpch,CAN,2021,0.5,2021,5.045,4.541
IMF,ngdp_rpch,CAN,2021,1,2022,4.889,3.438
IMF,ngdp_rpch,CAN,2021,1.5,2022,4.653,3.438
IMF,ngdp_rpch,CAN,2022,0,2022,3.295,3.438
IMF,ngdp_rpch,CAN,2022,0.5,2022,3.923,3.438
IMF,ngdp_rpch,CAN,2022,1,2023,1.451,1.249
IMF,ngdp_rpch,CAN,2022,1.5,2023,2.753,1.249
IMF,ngdp_rpch,CAN,2023,0,2023,1.292,1.249
IMF,ngdp_rpch,CAN,2023,0.5,2023,1.453,1.249
IMF,ngdp_rpch,CAN,2023,1,2024,1.608,1.555
IMF,ngdp_rpch,CAN,2023,1.5,2024,1.498,1.555
IMF,ngdp_rpch,CAN,2024,0,2024,1.344,1.555
IMF,ngdp_rpch,CAN,2024,0.5,2024,1.154,1.555
IMF,ngdp_rpch,CAN,2024,1,2025,2.393,
IMF,ngdp_rpch,CAN,2024,1.5,2025,2.308,
IMF,ngdp_rpch,CAN,2025,0,2025,1.153,
IMF,ngdp_rpch,CAN,2025,1,2026,1.541,
IMF,ngdp_rpch,DEU,1990,0,1990,3.93,4.49
IMF,ngdp_rpch,DEU,1990,0.5,1990,3.527,4.49
IMF,ngdp_rpch,DEU,1990,1,1991,3.297,0.925
IMF,ngdp_rpch,DEU,1990,1.5,1991,2.686,0.925
IMF,ngdp_rpch,DEU,1991,0,1991,3.127,0.925
IMF,ngdp_rpch,DEU,1991,0.5,1991,2.778,0.925
IMF,ngdp_rpch,DEU,1991,1,1992,2.01,1.903
IMF,ngdp_rpch,DEU,1991,1.5,1992,1.928,1.903
IMF,ngdp_rpch,DEU,1992,0,1992,1.798,1.903
IMF,ngdp_rpch,DEU,1992,0.5,1992,2.074,1.903
IMF,ngdp_rpch,DEU,1992,1,1993,2.596,-1.125
IMF,ngdp_rpch,DEU,1992,1.5,1993,2.98,-1.125
IMF,ngdp_rpch,DEU,1993,0,1993,-1.607,-1.125
IMF,ngdp_rpch,DEU,1993,0.5,1993,-1.342,-1.125
IMF,ngdp_rpch,DEU,1993,1,1994,1.24,2.862
IMF,ngdp_rpch,DEU,1993,1.5,1994,1.661,2.862
IMF,ngdp_rpch,DEU,1994,0,1994,2.305,2.862
IMF,ngdp_rpch,DEU,1994,0.5,1994,0.949,2.862
IMF,ngdp_rpch,DEU,1994,1,1995,2.751,1.928
IMF,ngdp_rpch,DEU,1994,1.5,1995,2.149,1.928
IMF,ngdp_rpch,DEU,1995,0,1995,2.56,1.928
IMF,ngdp_rpch,DEU,1995,0.5,1995,3.154,1.928
IMF,ngdp_rpch,DEU,1995,1,1996,2.9,1.362
IMF,ngdp_rpch,DEU,1995,1.5,1996,3.276,1.362
IMF,ngdp_rpch,DEU,1996,0,1996,1.255,1.362
IMF,ngdp_rpch,DEU,1996,0.5,1996,0.958,1.362
IMF,ngdp_rpch,DEU,1996,1,1997,2.375,2.201
IMF,ngdp_rpch,DEU,1996,1.5,1997,2.937,2.201
IMF,ngdp_rpch,DEU,1997,0,1997,2.3,2.201
IMF,ngdp_rpch,DEU,1997,0.5,1997,2.255,2.201
IMF,ngdp_rpch,DEU,1997,1,1998,2.822,2.253
IMF,ngdp_rpch,DEU,1997,1.5,1998,3.037,2.253
IMF,ngdp_rpch,DEU,1998,0,1998,2.634,2.253
IMF,ngdp_rpch,DEU,1998,0.5,1998,2.523,2.253
IMF,ngdp_rpch,DEU,1998,1,1999,2.458,1.557
IMF,ngdp_rpch,DEU,1998,1.5,1999,2.806,1.557
IMF,ngdp_rpch,DEU,1999,0,1999,1.424,1.557
IMF,ngdp_rpch,DEU,1999,0.5,1999,1.454,1.557
IMF,ngdp_rpch,DEU,1999,1,2000,2.535,3.004
IMF,ngdp_rpch,DEU,1999,1.5,2000,2.834,3.004
IMF,ngdp_rpch,DEU,2000,0,2000,2.942,3.004
IMF,ngdp_rpch,DEU,2000,0.5,2000,2.794,3.004
IMF,ngdp_rpch,DEU,2000,1,2001,3.286,0.574
IMF,ngdp_rpch,DEU,2000,1.5,2001,3.263,0.574
IMF,ngdp_rpch,DEU,2001,0,2001,0.779,0.574
IMF,ngdp_rpch,DEU,2001,0.5,2001,1.853,0.574
IMF,ngdp_rpch,DEU,2001,1,2002,1.757,0.176
IMF,ngdp_rpch,DEU,2001,1.5,2002,2.585,0.176
IMF,ngdp_rpch,DEU,2002,0,2002,0.474,0.176
IMF,ngdp_rpch,DEU,2002,0.5,2002,0.904,0.176
IMF,ngdp_rpch,DEU,2002,1,2003,2.001,-0.121
IMF,ngdp_rpch,DEU,2002,1.5,2003,2.739,-0.121
IMF,ngdp_rpch,DEU,2003,0,2003,-0.035,-0.121
IMF,ngdp_rpch,DEU,2003,0.5,2003,0.492,-0.121
IMF,ngdp_rpch,DEU,2003,1,2004,1.529,1.623
IMF,ngdp_rpch,DEU,2003,1.5,2004,1.902,1.623
IMF,ngdp_rpch,DEU,2004,0,2004,2.05,1.623
IMF,ngdp_rpch,DEU,2004,0.5,2004,1.567,1.623
IMF,ngdp_rpch,DEU,2004,1,2005,1.791,0.868
IMF,ngdp_rpch,DEU,2004,1.5,2005,1.912,0.868
IMF,ngdp_rpch,DEU,2005,0,2005,0.776,0.868
IMF,ngdp_rpch,DEU,2005,0.5,2005,0.755,0.868
IMF,ngdp_rpch,DEU,2005,1,2006,1.239,2.882
IMF,ngdp_rpch,DEU,2005,1.5,2006,1.948,2.882
IMF,ngdp_rpch,DEU,2006,0,2006,2.047,2.882
IMF,ngdp_rpch,DEU,2006,0.5,2006,1.337,2.882
IMF,ngdp_rpch,DEU,2006,1,2007,1.299,2.511
IMF,ngdp_rpch,DEU,2006,1.5,2007,1.004,2.511
IMF,ngdp_rpch,DEU,2007,0,2007,2.439,2.511
IMF,ngdp_rpch,DEU,2007,0.5,2007,1.85,2.511
IMF,ngdp_rpch,DEU,2007,1,2008,1.972,1.248
IMF,ngdp_rpch,DEU,2007,1.5,2008,1.881,1.248
IMF,ngdp_rpch,DEU,2008,0,2008,1.85,1.248
IMF,ngdp_rpch,DEU,2008,0.5,2008,1.405,1.248
IMF,ngdp_rpch,DEU,2008,1,2009,-0.002,-4.72
IMF,ngdp_rpch,DEU,2008,1.5,2009,1.037,-4.72
IMF,ngdp_rpch,DEU,2009,0,2009,-5.297,-4.72
IMF,ngdp_rpch,DEU,2009,0.5,2009,-5.614,-4.72
IMF,ngdp_rpch,DEU,2009,1,2010,0.336,3.562
IMF,ngdp_rpch,DEU,2009,1.5,2010,-1,3.562
IMF,ngdp_rpch,DEU,2010,0,2010,3.332,3.562
IMF,ngdp_rpch,DEU,2010,0.5,2010,1.21,3.562
IMF,ngdp_rpch,DEU,2010,1,2011,2.022,3.096
IMF,ngdp_rpch,DEU,2010,1.5,2011,1.748,3.096
IMF,ngdp_rpch,DEU,2011,0,2011,2.725,3.096
IMF,ngdp_rpch,DEU,2011,0.5,2011,2.541,3.096
IMF,ngdp_rpch,DEU,2011,1,2012,1.273,0.896
IMF,ngdp_rpch,DEU,2011,1.5,2012,2.092,0.896
IMF,ngdp_rpch,DEU,2012,0,2012,0.936,0.896
IMF,ngdp_rpch,DEU,2012,0.5,2012,0.615,0.896
IMF,ngdp_rpch,DEU,2012,1,2013,0.852,0.533
IMF,ngdp_rpch,DEU,2012,1.5,2013,1.473,0.533
IMF,ngdp_rpch,DEU,2013,0,2013,0.491,0.533
IMF,ngdp_rpch,DEU,2013,0.5,2013,0.613,0.533
IMF,ngdp_rpch,DEU,2013,1,2014,1.4,1.58
IMF,ngdp_rpch,DEU,2013,1.5,2014,1.455,1.58
IMF,ngdp_rpch,DEU,2014,0,2014,1.393,1.58
IMF,ngdp_rpch,DEU,2014,0.5,2014,1.709,1.58
IMF,ngdp_rpch,DEU,2014,1,2015,1.451,1.483
IMF,ngdp_rpch,DEU,2014,1.5,2015,1.559,1.483
IMF,ngdp_rpch,DEU,2015,0,2015,1.509,1.483
IMF,ngdp_rpch,DEU,2015,0.5,2015,1.62,1.483
IMF,ngdp_rpch,DEU,2015,1,2016,1.573,1.855
IMF,ngdp_rpch,DEU,2015,1.5,2016,1.665,1.855
IMF,ngdp_rpch,DEU,2016,0,2016,1.746,1.855
IMF,ngdp_rpch,DEU,2016,0.5,2016,1.456,1.855
IMF,ngdp_rpch,DEU,2016,1,2017,1.425,2.456
IMF,ngdp_rpch,DEU,2016,1.5,2017,1.623,2.456
IMF,ngdp_rpch,DEU,2017,0,2017,2.05,2.456
IMF,ngdp_rpch,DEU,2017,0.5,2017,1.634,2.456
IMF,ngdp_rpch,DEU,2017,1,2018,1.843,1.522
IMF,ngdp_rpch,DEU,2017,1.5,2018,1.532,1.522
IMF,ngdp_rpch,DEU,2018,0,2018,1.911,1.522
IMF,ngdp_rpch,DEU,2018,0.5,2018,2.541,1.522
IMF,ngdp_rpch,DEU,2018,1,2019,1.858,0.555
IMF,ngdp_rpch,DEU,2018,1.5,2019,2.011,0.555
IMF,ngdp_rpch,DEU,2019,0,2019,0.544,0.555
IMF,ngdp_rpch,DEU,2019,0.5,2019,0.754,0.555
IMF,ngdp_rpch,DEU,2019,1,2020,1.247,-4.56
IMF,ngdp_rpch,DEU,2019,1.5,2020,1.44,-4.56
IMF,ngdp_rpch,DEU,2020,0,2020,-5.983,-4.56
IMF,ngdp_rpch,DEU,2020,0.5,2020,-6.952,-4.56
IMF,ngdp_rpch,DEU,2020,1,2021,4.184,2.625
IMF,ngdp_rpch,DEU,2020,1.5,2021,5.151,2.625
IMF,ngdp_rpch,DEU,2021,0,2021,3.051,2.625
IMF,ngdp_rpch,DEU,2021,0.5,2021,3.602,2.625
IMF,ngdp_rpch,DEU,2021,1,2022,4.56,1.804
IMF,ngdp_rpch,DEU,2021,1.5,2022,3.424,1.804
IMF,ngdp_rpch,DEU,2022,0,2022,1.547,1.804
IMF,ngdp_rpch,DEU,2022,0.5,2022,2.101,1.804
IMF,ngdp_rpch,DEU,2022,1,2023,-0.294,-0.264
IMF,ngdp_rpch,DEU,2022,1.5,2023,2.721,-0.264
IMF,ngdp_rpch,DEU,2023,0,2023,-0.535,-0.264
IMF,ngdp_rpch,DEU,2023,0.5,2023,-0.109,-0.264
IMF,ngdp_rpch,DEU,2023,1,2024,0.915,-0.496
IMF,ngdp_rpch,DEU,2023,1.5,2024,1.098,-0.496
IMF,ngdp_rpch,DEU,2024,0,2024,0.007,-0.496
IMF,ngdp_rpch,DEU,2024,0.5,2024,0.15,-0.496
IMF,ngdp_rpch,DEU,2024,1,2025,0.786,
IMF,ngdp_rpch,DEU,2024,1.5,2025,1.326,
IMF,ngdp_rpch,DEU,2025,0,2025,0.191,
IMF,ngdp_rpch,DEU,2025,1,2026,0.944,
IMF,ngdp_rpch,FRA,1990,0,1990,3.123,2.805
IMF,ngdp_rpch,FRA,1990,0.5,1990,3.071,2.805
IMF,ngdp_rpch,FRA,1990,1,1991,3.028,1.162
IMF,ngdp_rpch,FRA,1990,1.5,1991,3.053,1.162
IMF,ngdp_rpch,FRA,1991,0,1991,1.325,1.162
IMF,ngdp_rpch,FRA,1991,0.5,1991,2.088,1.162
IMF,ngdp_rpch,FRA,1991,1,1992,2.378,1.39
IMF,ngdp_rpch,FRA,1991,1.5,1992,2.692,1.39
IMF,ngdp_rpch,FRA,1992,0,1992,2.207,1.39
IMF,ngdp_rpch,FRA,1992,0.5,1992,1.82,1.39
IMF,ngdp_rpch,FRA,1992,1,1993,2.697,-0.962
IMF,ngdp_rpch,FRA,1992,1.5,1993,2.584,-0.962
IMF,ngdp_rpch,FRA,1993,0,1993,-0.991,-0.962
IMF,ngdp_rpch,FRA,1993,0.5,1993,0.045,-0.962
IMF,ngdp_rpch,FRA,1993,1,1994,1.147,2.876
IMF,ngdp_rpch,FRA,1993,1.5,1994,2.296,2.876
IMF,ngdp_rpch,FRA,1994,0,1994,1.939,2.876
IMF,ngdp_rpch,FRA,1994,0.5,1994,1.211,2.876
IMF,ngdp_rpch,FRA,1994,1,1995,3.042,2.216
IMF,ngdp_rpch,FRA,1994,1.5,1995,2.551,2.216
IMF,ngdp_rpch,FRA,1995,0,1995,2.875,2.216
IMF,ngdp_rpch,FRA,1995,0.5,1995,3.203,2.216
IMF,ngdp_rpch,FRA,1995,1,1996,2.653,1.51
IMF,ngdp_rpch,FRA,1995,1.5,1996,3.032,1.51
IMF,ngdp_rpch,FRA,1996,0,1996,1.26,1.51
IMF,ngdp_rpch,FRA,1996,0.5,1996,1.27,1.51
IMF,ngdp_rpch,FRA,1996,1,1997,2.44,2.315
IMF,ngdp_rpch,FRA,1996,1.5,1997,2.77,2.315
IMF,ngdp_rpch,FRA,1997,0,1997,2.175,2.315
IMF,ngdp_rpch,FRA,1997,0.5,1997,2.4,2.315
IMF,ngdp_rpch,FRA,1997,1,1998,2.777,3.204
IMF,ngdp_rpch,FRA,1997,1.5,1998,2.96,3.204
IMF,ngdp_rpch,FRA,1998,0,1998,3.054,3.204
IMF,ngdp_rpch,FRA,1998,0.5,1998,2.912,3.204
IMF,ngdp_rpch,FRA,1998,1,1999,2.849,2.895
IMF,ngdp_rpch,FRA,1998,1.5,1999,3.011,2.895
IMF,ngdp_rpch,FRA,1999,0,1999,2.472,2.895
IMF,ngdp_rpch,FRA,1999,0.5,1999,2.181,2.895
IMF,ngdp_rpch,FRA,1999,1,2000,2.999,3.393
IMF,ngdp_rpch,FRA,1999,1.5,2000,2.924,3.393
IMF,ngdp_rpch,FRA,2000,0,2000,3.518,3.393
IMF,ngdp_rpch,FRA,2000,0.5,2000,3.493,3.393
IMF,ngdp_rpch,FRA,2000,1,2001,3.527,1.802
IMF,ngdp_rpch,FRA,2000,1.5,2001,3.112,1.802
IMF,ngdp_rpch,FRA,2001,0,2001,2.036,1.802
IMF,ngdp_rpch,FRA,2001,0.5,2001,2.579,1.802
IMF,ngdp_rpch,FRA,2001,1,2002,2.096,1.24
IMF,ngdp_rpch,FRA,2001,1.5,2002,2.628,1.24
IMF,ngdp_rpch,FRA,2002,0,2002,1.242,1.24
IMF,ngdp_rpch,FRA,2002,0.5,2002,1.44,1.24
IMF,ngdp_rpch,FRA,2002,1,2003,2.339,0.529
IMF,ngdp_rpch,FRA,2002,1.5,2003,2.954,0.529
IMF,ngdp_rpch,FRA,2003,0,2003,0.454,0.529
IMF,ngdp_rpch,FRA,2003,0.5,2003,1.176,0.529
IMF,ngdp_rpch,FRA,2003,1,2004,1.951,2.049
IMF,ngdp_rpch,FRA,2003,1.5,2004,2.443,2.049
IMF,ngdp_rpch,FRA,2004,0,2004,2.633,2.049
IMF,ngdp_rpch,FRA,2004,0.5,2004,1.759,2.049
IMF,ngdp_rpch,FRA,2004,1,2005,2.346,1.192
IMF,ngdp_rpch,FRA,2004,1.5,2005,2.45,1.192
IMF,ngdp_rpch,FRA,2005,0,2005,1.477,1.192
IMF,ngdp_rpch,FRA,2005,0.5,2005,2.023,1.192
IMF,ngdp_rpch,FRA,2005,1,2006,1.754,1.989
IMF,ngdp_rpch,FRA,2005,1.5,2006,2.189,1.989
IMF,ngdp_rpch,FRA,2006,0,2006,2.384,1.989
IMF,ngdp_rpch,FRA,2006,0.5,2006,2.037,1.989
IMF,ngdp_rpch,FRA,2006,1,2007,2.299,2.173
IMF,ngdp_rpch,FRA,2006,1.5,2007,2.13,2.173
IMF,ngdp_rpch,FRA,2007,0,2007,1.851,2.173
IMF,ngdp_rpch,FRA,2007,0.5,2007,2.05,2.173
IMF,ngdp_rpch,FRA,2007,1,2008,1.997,0.323
IMF,ngdp_rpch,FRA,2007,1.5,2008,2.407,0.323
IMF,ngdp_rpch,FRA,2008,0,2008,0.837,0.323
IMF,ngdp_rpch,FRA,2008,0.5,2008,1.369,0.323
IMF,ngdp_rpch,FRA,2008,1,2009,0.152,-2.547
IMF,ngdp_rpch,FRA,2008,1.5,2009,1.242,-2.547
IMF,ngdp_rpch,FRA,2009,0,2009,-2.358,-2.547
IMF,ngdp_rpch,FRA,2009,0.5,2009,-2.952,-2.547
IMF,ngdp_rpch,FRA,2009,1,2010,0.903,1.384
IMF,ngdp_rpch,FRA,2009,1.5,2010,0.412,1.384
IMF,ngdp_rpch,FRA,2010,0,2010,1.565,1.384
IMF,ngdp_rpch,FRA,2010,0.5,2010,1.522,1.384
IMF,ngdp_rpch,FRA,2010,1,2011,1.648,1.693
IMF,ngdp_rpch,FRA,2010,1.5,2011,1.753,1.693
IMF,ngdp_rpch,FRA,2011,0,2011,1.652,1.693
IMF,ngdp_rpch,FRA,2011,0.5,2011,1.647,1.693
IMF,ngdp_rpch,FRA,2011,1,2012,1.399,0.014
IMF,ngdp_rpch,FRA,2011,1.5,2012,1.784,0.014
IMF,ngdp_rpch,FRA,2012,0,2012,0.122,0.014
IMF,ngdp_rpch,FRA,2012,0.5,2012,0.476,0.014
IMF,ngdp_rpch,FRA,2012,1,2013,0.366,0.285
IMF,ngdp_rpch,FRA,2012,1.5,2013,1.008,0.285
IMF,ngdp_rpch,FRA,2013,0,2013,0.186,0.285
IMF,ngdp_rpch,FRA,2013,0.5,2013,-0.066,0.285
IMF,ngdp_rpch,FRA,2013,1,2014,0.981,0.18
IMF,ngdp_rpch,FRA,2013,1.5,2014,0.882,0.18
IMF,ngdp_rpch,FRA,2014,0,2014,0.371,0.18
IMF,ngdp_rpch,FRA,2014,0.5,2014,1.03,0.18
IMF,ngdp_rpch,FRA,2014,1,2015,0.954,1.274
IMF,ngdp_rpch,FRA,2014,1.5,2015,1.53,1.274
IMF,ngdp_rpch,FRA,2015,0,2015,1.16,1.274
IMF,ngdp_rpch,FRA,2015,0.5,2015,1.16,1.274
IMF,ngdp_rpch,FRA,2015,1,2016,1.46,1.188
IMF,ngdp_rpch,FRA,2015,1.5,2016,1.486,1.188
IMF,ngdp_rpch,FRA,2016,0,2016,1.327,1.188
IMF,ngdp_rpch,FRA,2016,0.5,2016,1.143,1.188
IMF,ngdp_rpch,FRA,2016,1,2017,1.349,2.335
IMF,ngdp_rpch,FRA,2016,1.5,2017,1.295,2.335
IMF,ngdp_rpch,FRA,2017,0,2017,1.569,2.335
IMF,ngdp_rpch,FRA,2017,0.5,2017,1.396,2.335
IMF,ngdp_rpch,FRA,2017,1,2018,1.761,1.725
IMF,ngdp_rpch,FRA,2017,1.5,2018,1.65,1.725
IMF,ngdp_rpch,FRA,2018,0,2018,1.564,1.725
IMF,ngdp_rpch,FRA,2018,0.5,2018,2.071,1.725
IMF,ngdp_rpch,FRA,2018,1,2019,1.624,1.509
IMF,ngdp_rpch,FRA,2018,1.5,2019,2.024,1.509
IMF,ngdp_rpch,FRA,2019,0,2019,1.249,1.509
IMF,ngdp_rpch,FRA,2019,0.5,2019,1.297,1.509
IMF,ngdp_rpch,FRA,2019,1,2020,1.263,-7.988
IMF,ngdp_rpch,FRA,2019,1.5,2020,1.413,-7.988
IMF,ngdp_rpch,FRA,2020,0,2020,-9.757,-7.988
IMF,ngdp_rpch,FRA,2020,0.5,2020,-7.18,-7.988
IMF,ngdp_rpch,FRA,2020,1,2021,6.026,6.766
IMF,ngdp_rpch,FRA,2020,1.5,2021,4.47,6.766
IMF,ngdp_rpch,FRA,2021,0,2021,6.293,6.766
IMF,ngdp_rpch,FRA,2021,0.5,2021,5.812,6.766
IMF,ngdp_rpch,FRA,2021,1,2022,3.931,2.522
IMF,ngdp_rpch,FRA,2021,1.5,2022,4.217,2.522
IMF,ngdp_rpch,FRA,2022,0,2022,2.518,2.522
IMF,ngdp_rpch,FRA,2022,0.5,2022,2.94,2.522
IMF,ngdp_rpch,FRA,2022,1,2023,0.658,1.12
IMF,ngdp_rpch,FRA,2022,1.5,2023,1.356,1.12
IMF,ngdp_rpch,FRA,2023,0,2023,0.951,1.12
IMF,ngdp_rpch,FRA,2023,0.5,2023,0.701,1.12
IMF,ngdp_rpch,FRA,2023,1,2024,1.346,1.101
IMF,ngdp_rpch,FRA,2023,1.5,2024,1.254,1.101
IMF,ngdp_rpch,FRA,2024,0,2024,1.098,1.101
IMF,ngdp_rpch,FRA,2024,0.5,2024,0.744,1.101
IMF,ngdp_rpch,FRA,2024,1,2025,1.056,
IMF,ngdp_rpch,FRA,2024,1.5,2025,1.442,
IMF,ngdp_rpch,FRA,2025,0,2025,1.308,
IMF,ngdp_rpch,FRA,2025,1,2026,1.264,
IMF,ngdp_rpch,GBR,1990,0,1990,1.399,0.827
IMF,ngdp_rpch,GBR,1990,0.5,1990,1.146,0.827
IMF,ngdp_rpch,GBR,1990,1,1991,1.302,-2.196
IMF,ngdp_rpch,GBR,1990,1.5,1991,2.167,-2.196
IMF,ngdp_rpch,GBR,1991,0,1991,-1.839,-2.196
IMF,ngdp_rpch,GBR,1991,0.5,1991,-2.145,-2.196
IMF,ngdp_rpch,GBR,1991,1,1992,2.396,-0.466
IMF,ngdp_rpch,GBR,1991,1.5,1992,1.871,-0.466
IMF,ngdp_rpch,GBR,1992,0,1992,-0.831,-0.466
IMF,ngdp_rpch,GBR,1992,0.5,1992,0.759,-0.466
IMF,ngdp_rpch,GBR,1992,1,1993,2.097,2.047
IMF,ngdp_rpch,GBR,1992,1.5,1993,3.059,2.047
IMF,ngdp_rpch,GBR,1993,0,1993,1.773,2.047
IMF,ngdp_rpch,GBR,1993,0.5,1993,1.447,2.047
IMF,ngdp_rpch,GBR,1993,1,1994,2.765,3.845
IMF,ngdp_rpch,GBR,1993,1.5,1994,3.105,3.845
IMF,ngdp_rpch,GBR,1994,0,1994,3.3,3.845
IMF,ngdp_rpch,GBR,1994,0.5,1994,2.501,3.845
IMF,ngdp_rpch,GBR,1994,1,1995,2.987,2.464
IMF,ngdp_rpch,GBR,1994,1.5,1995,2.792,2.464
IMF,ngdp_rpch,GBR,1995,0,1995,2.699,2.464
IMF,ngdp_rpch,GBR,1995,0.5,1995,3.237,2.464
IMF,ngdp_rpch,GBR,1995,1,1996,2.865,2.349
IMF,ngdp_rpch,GBR,1995,1.5,1996,2.829,2.349
IMF,ngdp_rpch,GBR,1996,0,1996,2.213,2.349
IMF,ngdp_rpch,GBR,1996,0.5,1996,2.223,2.349
IMF,ngdp_rpch,GBR,1996,1,1997,2.966,3.376
IMF,ngdp_rpch,GBR,1996,1.5,1997,2.705,3.376
IMF,ngdp_rpch,GBR,1997,0,1997,3.305,3.376
IMF,ngdp_rpch,GBR,1997,0.5,1997,3.335,3.376
IMF,ngdp_rpch,GBR,1997,1,1998,2.613,2.241
IMF,ngdp_rpch,GBR,1997,1.5,1998,2.809,2.241
IMF,ngdp_rpch,GBR,1998,0,1998,2.297,2.241
IMF,ngdp_rpch,GBR,1998,0.5,1998,2.27,2.241
IMF,ngdp_rpch,GBR,1998,1,1999,1.194,2.112
IMF,ngdp_rpch,GBR,1998,1.5,1999,2.116,2.112
IMF,ngdp_rpch,GBR,1999,0,1999,1.142,2.112
IMF,ngdp_rpch,GBR,1999,0.5,1999,0.659,2.112
IMF,ngdp_rpch,GBR,1999,1,2000,2.381,3.072
IMF,ngdp_rpch,GBR,1999,1.5,2000,2.105,3.072
IMF,ngdp_rpch,GBR,2000,0,2000,3.052,3.072
IMF,ngdp_rpch,GBR,2000,0.5,2000,3.02,3.072
IMF,ngdp_rpch,GBR,2000,1,2001,2.809,1.933
IMF,ngdp_rpch,GBR,2000,1.5,2001,2.005,1.933
IMF,ngdp_rpch,GBR,2001,0,2001,2.04,1.933
IMF,ngdp_rpch,GBR,2001,0.5,2001,2.558,1.933
IMF,ngdp_rpch,GBR,2001,1,2002,2.359,1.925
IMF,ngdp_rpch,GBR,2001,1.5,2002,2.819,1.925
IMF,ngdp_rpch,GBR,2002,0,2002,1.655,1.925
IMF,ngdp_rpch,GBR,2002,0.5,2002,1.971,1.925
IMF,ngdp_rpch,GBR,2002,1,2003,2.409,2.246
IMF,ngdp_rpch,GBR,2002,1.5,2003,2.788,2.246
IMF,ngdp_rpch,GBR,2003,0,2003,1.656,2.246
IMF,ngdp_rpch,GBR,2003,0.5,2003,1.956,2.246
IMF,ngdp_rpch,GBR,2003,1,2004,2.43,3.23
IMF,ngdp_rpch,GBR,2003,1.5,2004,2.464,3.23
IMF,ngdp_rpch,GBR,2004,0,2004,3.39,3.23
IMF,ngdp_rpch,GBR,2004,0.5,2004,3.451,3.23
IMF,ngdp_rpch,GBR,2004,1,2005,2.455,1.855
IMF,ngdp_rpch,GBR,2004,1.5,2005,2.513,1.855
IMF,ngdp_rpch,GBR,2005,0,2005,1.95,1.855
IMF,ngdp_rpch,GBR,2005,0.5,2005,2.64,1.855
IMF,ngdp_rpch,GBR,2005,1,2006,2.219,2.846
IMF,ngdp_rpch,GBR,2005,1.5,2006,2.594,2.846
IMF,ngdp_rpch,GBR,2006,0,2006,2.748,2.846
IMF,ngdp_rpch,GBR,2006,0.5,2006,2.523,2.846
IMF,ngdp_rpch,GBR,2006,1,2007,2.75,3.026
IMF,ngdp_rpch,GBR,2006,1.5,2007,2.671,3.026
IMF,ngdp_rpch,GBR,2007,0,2007,3.057,3.026
IMF,ngdp_rpch,GBR,2007,0.5,2007,2.863,3.026
IMF,ngdp_rpch,GBR,2007,1,2008,2.324,0.742
IMF,ngdp_rpch,GBR,2007,1.5,2008,2.712,0.742
IMF,ngdp_rpch,GBR,2008,0,2008,0.988,0.742
IMF,ngdp_rpch,GBR,2008,0.5,2008,1.63,0.742
IMF,ngdp_rpch,GBR,2008,1,2009,-0.128,-4.897
IMF,ngdp_rpch,GBR,2008,1.5,2009,1.61,-4.897
IMF,ngdp_rpch,GBR,2009,0,2009,-4.385,-4.897
IMF,ngdp_rpch,GBR,2009,0.5,2009,-4.086,-4.897
IMF,ngdp_rpch,GBR,2009,1,2010,0.909,1.354
IMF,ngdp_rpch,GBR,2009,1.5,2010,-0.396,1.354
IMF,ngdp_rpch,GBR,2010,0,2010,1.702,1.354
IMF,ngdp_rpch,GBR,2010,0.5,2010,1.337,1.354
IMF,ngdp_rpch,GBR,2010,1,2011,2.018,0.758
IMF,ngdp_rpch,GBR,2010,1.5,2011,2.505,0.758
IMF,ngdp_rpch,GBR,2011,0,2011,1.137,0.758
IMF,ngdp_rpch,GBR,2011,0.5,2011,1.659,0.758
IMF,ngdp_rpch,GBR,2011,1,2012,1.576,0.17
IMF,ngdp_rpch,GBR,2011,1.5,2012,2.33,0.17
IMF,ngdp_rpch,GBR,2012,0,2012,-0.38,0.17
IMF,ngdp_rpch,GBR,2012,0.5,2012,0.818,0.17
IMF,ngdp_rpch,GBR,2012,1,2013,1.115,1.744
IMF,ngdp_rpch,GBR,2012,1.5,2013,2.034,1.744
IMF,ngdp_rpch,GBR,2013,0,2013,1.433,1.744
IMF,ngdp_rpch,GBR,2013,0.5,2013,0.688,1.744
IMF,ngdp_rpch,GBR,2013,1,2014,1.869,2.993
IMF,ngdp_rpch,GBR,2013,1.5,2014,1.539,2.993
IMF,ngdp_rpch,GBR,2014,0,2014,3.205,2.993
IMF,ngdp_rpch,GBR,2014,0.5,2014,2.878,2.993
IMF,ngdp_rpch,GBR,2014,1,2015,2.712,2.245
IMF,ngdp_rpch,GBR,2014,1.5,2015,2.463,2.245
IMF,ngdp_rpch,GBR,2015,0,2015,2.517,2.245
IMF,ngdp_rpch,GBR,2015,0.5,2015,2.718,2.245
IMF,ngdp_rpch,GBR,2015,1,2016,2.234,1.806
IMF,ngdp_rpch,GBR,2015,1.5,2016,2.328,1.806
IMF,ngdp_rpch,GBR,2016,0,2016,1.837,1.806
IMF,ngdp_rpch,GBR,2016,0.5,2016,1.891,1.806
IMF,ngdp_rpch,GBR,2016,1,2017,1.051,1.656
IMF,ngdp_rpch,GBR,2016,1.5,2017,2.224,1.656
IMF,ngdp_rpch,GBR,2017,0,2017,1.656,1.656
IMF,ngdp_rpch,GBR,2017,0.5,2017,2.048,1.656
IMF,ngdp_rpch,GBR,2017,1,2018,1.496,1.398
IMF,ngdp_rpch,GBR,2017,1.5,2018,1.457,1.398
IMF,ngdp_rpch,GBR,2018,0,2018,1.359,1.398
IMF,ngdp_rpch,GBR,2018,0.5,2018,1.621,1.398
IMF,ngdp_rpch,GBR,2018,1,2019,1.493,1.463
IMF,ngdp_rpch,GBR,2018,1.5,2019,1.518,1.463
IMF,ngdp_rpch,GBR,2019,0,2019,1.235,1.463
IMF,ngdp_rpch,GBR,2019,0.5,2019,1.177,1.463
IMF,ngdp_rpch,GBR,2019,1,2020,1.448,-9.847
IMF,ngdp_rpch,GBR,2019,1.5,2020,1.402,-9.847
IMF,ngdp_rpch,GBR,2020,0,2020,-9.762,-9.847
IMF,ngdp_rpch,GBR,2020,0.5,2020,-6.502,-9.847
IMF,ngdp_rpch,GBR,2020,1,2021,5.921,7.441
IMF,ngdp_rpch,GBR,2020,1.5,2021,4.035,7.441
IMF,ngdp_rpch,GBR,2021,0,2021,6.763,7.441
IMF,ngdp_rpch,GBR,2021,0.5,2021,5.344,7.441
IMF,ngdp_rpch,GBR,2021,1,2022,5.013,4.102
IMF,ngdp_rpch,GBR,2021,1.5,2022,5.066,4.102
IMF,ngdp_rpch,GBR,2022,0,2022,3.605,4.102
IMF,ngdp_rpch,GBR,2022,0.5,2022,3.749,4.102
IMF,ngdp_rpch,GBR,2022,1,2023,0.315,0.34
IMF,ngdp_rpch,GBR,2022,1.5,2023,1.197,0.34
IMF,ngdp_rpch,GBR,2023,0,2023,0.48,0.34
IMF,ngdp_rpch,GBR,2023,0.5,2023,-0.251,0.34
IMF,ngdp_rpch,GBR,2023,1,2024,0.636,1.102
IMF,ngdp_rpch,GBR,2023,1.5,2024,0.953,1.102
IMF,ngdp_rpch,GBR,2024,0,2024,1.083,1.102
IMF,ngdp_rpch,GBR,2024,0.5,2024,0.46,1.102
IMF,ngdp_rpch,GBR,2024,1,2025,1.484,
IMF,ngdp_rpch,GBR,2024,1.5,2025,1.54,
IMF,ngdp_rpch,GBR,2025,0,2025,0.671,
IMF,ngdp_rpch,GBR,2025,1,2026,0.911,
IMF,ngdp_rpch,ITA,1990,0,1990,2.703,1.953
IMF,ngdp_rpch,ITA,1990,0.5,1990,2.999,1.953
IMF,ngdp_rpch,ITA,1990,1,1991,2.68,1.438
IMF,ngdp_rpch,ITA,1990,1.5,1991,2.892,1.438
IMF,ngdp_rpch,ITA,1991,0,1991,1.281,1.438
IMF,ngdp_rpch,ITA,1991,0.5,1991,1.75,1.438
IMF,ngdp_rpch,ITA,1991,1,1992,2.507,0.929
IMF,ngdp_rpch,ITA,1991,1.5,1992,2.501,0.929
IMF,ngdp_rpch,ITA,1992,0,1992,1.313,0.929
IMF,ngdp_rpch,ITA,1992,0.5,1992,1.644,0.929
IMF,ngdp_rpch,ITA,1992,1,1993,1.545,-0.663
IMF,ngdp_rpch,ITA,1992,1.5,1993,2.425,-0.663
IMF,ngdp_rpch,ITA,1993,0,1993,0.313,-0.663
IMF,ngdp_rpch,ITA,1993,0.5,1993,0.272,-0.663
IMF,ngdp_rpch,ITA,1993,1,1994,1.66,2.177
IMF,ngdp_rpch,ITA,1993,1.5,1994,1.89,2.177
IMF,ngdp_rpch,ITA,1994,0,1994,1.533,2.177
IMF,ngdp_rpch,ITA,1994,0.5,1994,1.133,2.177
IMF,ngdp_rpch,ITA,1994,1,1995,2.832,2.959
IMF,ngdp_rpch,ITA,1994,1.5,1995,2.536,2.959
IMF,ngdp_rpch,ITA,1995,0,1995,3.006,2.959
IMF,ngdp_rpch,ITA,1995,0.5,1995,3.027,2.959
IMF,ngdp_rpch,ITA,1995,1,1996,2.795,0.691
IMF,ngdp_rpch,ITA,1995,1.5,1996,3.028,0.691
IMF,ngdp_rpch,ITA,1996,0,1996,1.129,0.691
IMF,ngdp_rpch,ITA,1996,0.5,1996,2.427,0.691
IMF,ngdp_rpch,ITA,1996,1,1997,2.242,1.508
IMF,ngdp_rpch,ITA,1996,1.5,1997,2.737,1.508
IMF,ngdp_rpch,ITA,1997,0,1997,1.249,1.508
IMF,ngdp_rpch,ITA,1997,0.5,1997,1,1.508
IMF,ngdp_rpch,ITA,1997,1,1998,2.06,1.338
IMF,ngdp_rpch,ITA,1997,1.5,1998,2.4,1.338
IMF,ngdp_rpch,ITA,1998,0,1998,2.075,1.338
IMF,ngdp_rpch,ITA,1998,0.5,1998,2.34,1.338
IMF,ngdp_rpch,ITA,1998,1,1999,2.45,1.425
IMF,ngdp_rpch,ITA,1998,1.5,1999,2.65,1.425
IMF,ngdp_rpch,ITA,1999,0,1999,1.23,1.425
IMF,ngdp_rpch,ITA,1999,0.5,1999,1.455,1.425
IMF,ngdp_rpch,ITA,1999,1,2000,2.42,2.915
IMF,ngdp_rpch,ITA,1999,1.5,2000,2.4,2.915
IMF,ngdp_rpch,ITA,2000,0,2000,3.102,2.915
IMF,ngdp_rpch,ITA,2000,0.5,2000,2.7,2.915
IMF,ngdp_rpch,ITA,2000,1,2001,2.95,1.775
IMF,ngdp_rpch,ITA,2000,1.5,2001,2.8,1.775
IMF,ngdp_rpch,ITA,2001,0,2001,1.781,1.775
IMF,ngdp_rpch,ITA,2001,0.5,2001,1.988,1.775
IMF,ngdp_rpch,ITA,2001,1,2002,1.99,0.372
IMF,ngdp_rpch,ITA,2001,1.5,2002,2.5,0.372
IMF,ngdp_rpch,ITA,2002,0,2002,0.66,0.372
IMF,ngdp_rpch,ITA,2002,0.5,2002,1.43,0.372
IMF,ngdp_rpch,ITA,2002,1,2003,2.251,0.257
IMF,ngdp_rpch,ITA,2002,1.5,2003,2.88,0.257
IMF,ngdp_rpch,ITA,2003,0,2003,0.36,0.257
IMF,ngdp_rpch,ITA,2003,0.5,2003,1.14,0.257
IMF,ngdp_rpch,ITA,2003,1,2004,1.66,1.224
IMF,ngdp_rpch,ITA,2003,1.5,2004,2.34,1.224
IMF,ngdp_rpch,ITA,2004,0,2004,1.4,1.224
IMF,ngdp_rpch,ITA,2004,0.5,2004,1.22,1.224
IMF,ngdp_rpch,ITA,2004,1,2005,1.9,-0.036
IMF,ngdp_rpch,ITA,2004,1.5,2005,2,-0.036
IMF,ngdp_rpch,ITA,2005,0,2005,-0.006,-0.036
IMF,ngdp_rpch,ITA,2005,0.5,2005,1.15,-0.036
IMF,ngdp_rpch,ITA,2005,1,2006,1.437,1.872
IMF,ngdp_rpch,ITA,2005,1.5,2006,2.049,1.872
IMF,ngdp_rpch,ITA,2006,0,2006,1.54,1.872
IMF,ngdp_rpch,ITA,2006,0.5,2006,1.24,1.872
IMF,ngdp_rpch,ITA,2006,1,2007,1.34,1.457
IMF,ngdp_rpch,ITA,2006,1.5,2007,1.4,1.457
IMF,ngdp_rpch,ITA,2007,0,2007,1.74,1.457
IMF,ngdp_rpch,ITA,2007,0.5,2007,1.84,1.457
IMF,ngdp_rpch,ITA,2007,1,2008,1.34,-1.04
IMF,ngdp_rpch,ITA,2007,1.5,2008,1.74,-1.04
IMF,ngdp_rpch,ITA,2008,0,2008,-0.06,-1.04
IMF,ngdp_rpch,ITA,2008,0.5,2008,0.251,-1.04
IMF,ngdp_rpch,ITA,2008,1,2009,-0.24,-5.038
IMF,ngdp_rpch,ITA,2008,1.5,2009,0.251,-5.038
IMF,ngdp_rpch,ITA,2009,0,2009,-5.145,-5.038
IMF,ngdp_rpch,ITA,2009,0.5,2009,-4.45,-5.038
IMF,ngdp_rpch,ITA,2009,1,2010,0.24,1.296
IMF,ngdp_rpch,ITA,2009,1.5,2010,-0.389,1.296
IMF,ngdp_rpch,ITA,2010,0,2010,1.003,1.296
IMF,ngdp_rpch,ITA,2010,0.5,2010,0.843,1.296
IMF,ngdp_rpch,ITA,2010,1,2011,1.001,0.431
IMF,ngdp_rpch,ITA,2010,1.5,2011,1.159,0.431
IMF,ngdp_rpch,ITA,2011,0,2011,0.639,0.431
IMF,ngdp_rpch,ITA,2011,0.5,2011,1.052,0.431
IMF,ngdp_rpch,ITA,2011,1,2012,0.323,-2.369
IMF,ngdp_rpch,ITA,2011,1.5,2012,1.304,-2.369
IMF,ngdp_rpch,ITA,2012,0,2012,-2.292,-2.369
IMF,ngdp_rpch,ITA,2012,0.5,2012,-1.907,-2.369
IMF,ngdp_rpch,ITA,2012,1,2013,-0.73,-1.854
IMF,ngdp_rpch,ITA,2012,1.5,2013,-0.289,-1.854
IMF,ngdp_rpch,ITA,2013,0,2013,-1.776,-1.854
IMF,ngdp_rpch,ITA,2013,0.5,2013,-1.471,-1.854
IMF,ngdp_rpch,ITA,2013,1,2014,0.712,-0.426
IMF,ngdp_rpch,ITA,2013,1.5,2014,0.516,-0.426
IMF,ngdp_rpch,ITA,2014,0,2014,-0.174,-0.426
IMF,ngdp_rpch,ITA,2014,0.5,2014,0.626,-0.426
IMF,ngdp_rpch,ITA,2014,1,2015,0.85,0.76
IMF,ngdp_rpch,ITA,2014,1.5,2015,1.149,0.76
IMF,ngdp_rpch,ITA,2015,0,2015,0.802,0.76
IMF,ngdp_rpch,ITA,2015,0.5,2015,0.487,0.76
IMF,ngdp_rpch,ITA,2015,1,2016,1.283,0.88
IMF,ngdp_rpch,ITA,2015,1.5,2016,1.096,0.88
IMF,ngdp_rpch,ITA,2016,0,2016,0.757,0.88
IMF,ngdp_rpch,ITA,2016,0.5,2016,0.954,0.88
IMF,ngdp_rpch,ITA,2016,1,2017,0.941,1.502
IMF,ngdp_rpch,ITA,2016,1.5,2017,1.15,1.502
IMF,ngdp_rpch,ITA,2017,0,2017,1.507,1.502
IMF,ngdp_rpch,ITA,2017,0.5,2017,0.843,1.502
IMF,ngdp_rpch,ITA,2017,1,2018,1.125,0.858
IMF,ngdp_rpch,ITA,2017,1.5,2018,0.815,0.858
IMF,ngdp_rpch,ITA,2018,0,2018,1.174,0.858
IMF,ngdp_rpch,ITA,2018,0.5,2018,1.541,0.858
IMF,ngdp_rpch,ITA,2018,1,2019,1.026,0.301
IMF,ngdp_rpch,ITA,2018,1.5,2019,1.136,0.301
IMF,ngdp_rpch,ITA,2019,0,2019,0.011,0.301
IMF,ngdp_rpch,ITA,2019,0.5,2019,0.087,0.301
IMF,ngdp_rpch,ITA,2019,1,2020,0.537,-8.871
IMF,ngdp_rpch,ITA,2019,1.5,2020,0.909,-8.871
IMF,ngdp_rpch,ITA,2020,0,2020,-10.645,-8.871
IMF,ngdp_rpch,ITA,2020,0.5,2020,-9.134,-8.871
IMF,ngdp_rpch,ITA,2020,1,2021,5.24,6.644
IMF,ngdp_rpch,ITA,2020,1.5,2021,4.83,6.644
IMF,ngdp_rpch,ITA,2021,0,2021,5.77,6.644
IMF,ngdp_rpch,ITA,2021,0.5,2021,4.15,6.644
IMF,ngdp_rpch,ITA,2021,1,2022,4.233,3.722
IMF,ngdp_rpch,ITA,2021,1.5,2022,3.604,3.722
IMF,ngdp_rpch,ITA,2022,0,2022,3.179,3.722
IMF,ngdp_rpch,ITA,2022,0.5,2022,2.274,3.722
IMF,ngdp_rpch,ITA,2022,1,2023,-0.173,0.698
IMF,ngdp_rpch,ITA,2022,1.5,2023,1.663,0.698
IMF,ngdp_rpch,ITA,2023,0,2023,0.673,0.698
IMF,ngdp_rpch,ITA,2023,0.5,2023,0.652,0.698
IMF,ngdp_rpch,ITA,2023,1,2024,0.655,0.726
IMF,ngdp_rpch,ITA,2023,1.5,2024,0.78,0.726
IMF,ngdp_rpch,ITA,2024,0,2024,0.672,0.726
IMF,ngdp_rpch,ITA,2024,0.5,2024,0.709,0.726
IMF,ngdp_rpch,ITA,2024,1,2025,0.762,
IMF,ngdp_rpch,ITA,2024,1.5,2025,0.714,
IMF,ngdp_rpch,ITA,2025,0,2025,0.546,
IMF,ngdp_rpch,ITA,2025,1,2026,0.759,
IMF,ngdp_rpch,JPN,1990,0,1990,5.145,5.628
IMF,ngdp_rpch,JPN,1990,0.5,1990,4.406,5.628
IMF,ngdp_rpch,JPN,1990,1,1991,3.693,4.423
IMF,ngdp_rpch,JPN,1990,1.5,1991,4.237,4.423
IMF,ngdp_rpch,JPN,1991,0,1991,4.53,4.423
IMF,ngdp_rpch,JPN,1991,0.5,1991,3.568,4.423
IMF,ngdp_rpch,JPN,1991,1,1992,3.367,1.266
IMF,ngdp_rpch,JPN,1991,1.5,1992,3.883,1.266
IMF,ngdp_rpch,JPN,1992,0,1992,2.026,1.266
IMF,ngdp_rpch,JPN,1992,0.5,1992,2.152,1.266
IMF,ngdp_rpch,JPN,1992,1,1993,3.802,0.065
IMF,ngdp_rpch,JPN,1992,1.5,1993,3.886,0.065
IMF,ngdp_rpch,JPN,1993,0,1993,-0.067,0.065
IMF,ngdp_rpch,JPN,1993,0.5,1993,1.298,0.065
IMF,ngdp_rpch,JPN,1993,1,1994,2.044,0.514
IMF,ngdp_rpch,JPN,1993,1.5,1994,3.503,0.514
IMF,ngdp_rpch,JPN,1994,0,1994,0.908,0.514
IMF,ngdp_rpch,JPN,1994,0.5,1994,0.723,0.514
IMF,ngdp_rpch,JPN,1994,1,1995,2.5,0.925
IMF,ngdp_rpch,JPN,1994,1.5,1995,2.261,0.925
IMF,ngdp_rpch,JPN,1995,0,1995,0.47,0.925
IMF,ngdp_rpch,JPN,1995,0.5,1995,1.791,0.925
IMF,ngdp_rpch,JPN,1995,1,1996,2.192,3.55
IMF,ngdp_rpch,JPN,1995,1.5,1996,3.526,3.55
IMF,ngdp_rpch,JPN,1996,0,1996,3.522,3.55
IMF,ngdp_rpch,JPN,1996,0.5,1996,2.705,3.55
IMF,ngdp_rpch,JPN,1996,1,1997,2.72,0.847
IMF,ngdp_rpch,JPN,1996,1.5,1997,3.054,0.847
IMF,ngdp_rpch,JPN,1997,0,1997,1.144,0.847
IMF,ngdp_rpch,JPN,1997,0.5,1997,2.243,0.847
IMF,ngdp_rpch,JPN,1997,1,1998,2.052,-2.827
IMF,ngdp_rpch,JPN,1997,1.5,1998,2.939,-2.827
IMF,ngdp_rpch,JPN,1998,0,1998,-2.545,-2.827
IMF,ngdp_rpch,JPN,1998,0.5,1998,-0.015,-2.827
IMF,ngdp_rpch,JPN,1998,1,1999,0.498,0.203
IMF,ngdp_rpch,JPN,1998,1.5,1999,1.33,0.203
IMF,ngdp_rpch,JPN,1999,0,1999,1.045,0.203
IMF,ngdp_rpch,JPN,1999,0.5,1999,-1.351,0.203
IMF,ngdp_rpch,JPN,1999,1,2000,1.487,1.541
IMF,ngdp_rpch,JPN,1999,1.5,2000,0.342,1.541
IMF,ngdp_rpch,JPN,2000,0,2000,1.444,1.541
IMF,ngdp_rpch,JPN,2000,0.5,2000,0.864,1.541
IMF,ngdp_rpch,JPN,2000,1,2001,1.795,-0.294
IMF,ngdp_rpch,JPN,2000,1.5,2001,1.759,-0.294
IMF,ngdp_rpch,JPN,2001,0,2001,-0.476,-0.294
IMF,ngdp_rpch,JPN,2001,0.5,2001,0.596,-0.294
IMF,ngdp_rpch,JPN,2001,1,2002,0.241,0.173
IMF,ngdp_rpch,JPN,2001,1.5,2002,1.466,0.173
IMF,ngdp_rpch,JPN,2002,0,2002,-0.546,0.173
IMF,ngdp_rpch,JPN,2002,0.5,2002,-0.966,0.173
IMF,ngdp_rpch,JPN,2002,1,2003,1.128,2.477
IMF,ngdp_rpch,JPN,2002,1.5,2003,0.815,2.477
IMF,ngdp_rpch,JPN,2003,0,2003,1.975,2.477
IMF,ngdp_rpch,JPN,2003,0.5,2003,0.823,2.477
IMF,ngdp_rpch,JPN,2003,1,2004,1.442,2.689
IMF,ngdp_rpch,JPN,2003,1.5,2004,1.008,2.689
IMF,ngdp_rpch,JPN,2004,0,2004,4.417,2.689
IMF,ngdp_rpch,JPN,2004,0.5,2004,3.352,2.689
IMF,ngdp_rpch,JPN,2004,1,2005,2.339,2.623
IMF,ngdp_rpch,JPN,2004,1.5,2005,1.866,2.623
IMF,ngdp_rpch,JPN,2005,0,2005,1.959,2.623
IMF,ngdp_rpch,JPN,2005,0.5,2005,0.806,2.623
IMF,ngdp_rpch,JPN,2005,1,2006,1.957,2.186
IMF,ngdp_rpch,JPN,2005,1.5,2006,1.912,2.186
IMF,ngdp_rpch,JPN,2006,0,2006,2.672,2.186
IMF,ngdp_rpch,JPN,2006,0.5,2006,2.797,2.186
IMF,ngdp_rpch,JPN,2006,1,2007,2.121,2.08
IMF,ngdp_rpch,JPN,2006,1.5,2007,2.067,2.08
IMF,ngdp_rpch,JPN,2007,0,2007,1.953,2.08
IMF,ngdp_rpch,JPN,2007,0.5,2007,2.339,2.08
IMF,ngdp_rpch,JPN,2007,1,2008,1.655,-0.705
IMF,ngdp_rpch,JPN,2007,1.5,2008,1.863,-0.705
IMF,ngdp_rpch,JPN,2008,0,2008,0.691,-0.705
IMF,ngdp_rpch,JPN,2008,0.5,2008,1.433,-0.705
IMF,ngdp_rpch,JPN,2008,1,2009,0.465,-5.217
IMF,ngdp_rpch,JPN,2008,1.5,2009,1.489,-5.217
IMF,ngdp_rpch,JPN,2009,0,2009,-5.369,-5.217
IMF,ngdp_rpch,JPN,2009,0.5,2009,-6.197,-5.217
IMF,ngdp_rpch,JPN,2009,1,2010,1.676,3.963
IMF,ngdp_rpch,JPN,2009,1.5,2010,0.515,3.963
IMF,ngdp_rpch,JPN,2010,0,2010,2.824,3.963
IMF,ngdp_rpch,JPN,2010,0.5,2010,1.896,3.963
IMF,ngdp_rpch,JPN,2010,1,2011,1.504,-0.755
IMF,ngdp_rpch,JPN,2010,1.5,2011,1.965,-0.755
IMF,ngdp_rpch,JPN,2011,0,2011,-0.468,-0.755
IMF,ngdp_rpch,JPN,2011,0.5,2011,1.398,-0.755
IMF,ngdp_rpch,JPN,2011,1,2012,2.302,1.957
IMF,ngdp_rpch,JPN,2011,1.5,2012,2.068,1.957
IMF,ngdp_rpch,JPN,2012,0,2012,2.224,1.957
IMF,ngdp_rpch,JPN,2012,0.5,2012,2.039,1.957
IMF,ngdp_rpch,JPN,2012,1,2013,1.234,1.517
IMF,ngdp_rpch,JPN,2012,1.5,2013,1.707,1.517
IMF,ngdp_rpch,JPN,2013,0,2013,1.953,1.517
IMF,ngdp_rpch,JPN,2013,0.5,2013,1.584,1.517
IMF,ngdp_rpch,JPN,2013,1,2014,1.244,-0.101
IMF,ngdp_rpch,JPN,2013,1.5,2014,1.412,-0.101
IMF,ngdp_rpch,JPN,2014,0,2014,0.891,-0.101
IMF,ngdp_rpch,JPN,2014,0.5,2014,1.351,-0.101
IMF,ngdp_rpch,JPN,2014,1,2015,0.826,0.539
IMF,ngdp_rpch,JPN,2014,1.5,2015,0.965,0.539
IMF,ngdp_rpch,JPN,2015,0,2015,0.591,0.539
IMF,ngdp_rpch,JPN,2015,0.5,2015,1.044,0.539
IMF,ngdp_rpch,JPN,2015,1,2016,1.005,1.032
IMF,ngdp_rpch,JPN,2015,1.5,2016,1.171,1.032
IMF,ngdp_rpch,JPN,2016,0,2016,0.51,1.032
IMF,ngdp_rpch,JPN,2016,0.5,2016,0.486,1.032
IMF,ngdp_rpch,JPN,2016,1,2017,0.563,1.735
IMF,ngdp_rpch,JPN,2016,1.5,2017,-0.058,1.735
IMF,ngdp_rpch,JPN,2017,0,2017,1.513,1.735
IMF,ngdp_rpch,JPN,2017,0.5,2017,1.247,1.735
IMF,ngdp_rpch,JPN,2017,1,2018,0.652,0.814
IMF,ngdp_rpch,JPN,2017,1.5,2018,0.586,0.814
IMF,ngdp_rpch,JPN,2018,0,2018,1.137,0.814
IMF,ngdp_rpch,JPN,2018,0.5,2018,1.213,0.814
IMF,ngdp_rpch,JPN,2018,1,2019,0.943,0.671
IMF,ngdp_rpch,JPN,2018,1.5,2019,0.924,0.671
IMF,ngdp_rpch,JPN,2019,0,2019,0.891,0.671
IMF,ngdp_rpch,JPN,2019,0.5,2019,0.977,0.671
IMF,ngdp_rpch,JPN,2019,1,2020,0.466,-4.586
IMF,ngdp_rpch,JPN,2019,1.5,2020,0.45,-4.586
IMF,ngdp_rpch,JPN,2020,0,2020,-5.273,-4.586
IMF,ngdp_rpch,JPN,2020,0.5,2020,-5.163,-4.586
IMF,ngdp_rpch,JPN,2020,1,2021,2.321,1.657
IMF,ngdp_rpch,JPN,2020,1.5,2021,3.012,1.657
IMF,ngdp_rpch,JPN,2021,0,2021,2.358,1.657
IMF,ngdp_rpch,JPN,2021,0.5,2021,3.252,1.657
IMF,ngdp_rpch,JPN,2021,1,2022,3.199,1.047
IMF,ngdp_rpch,JPN,2021,1.5,2022,2.525,1.047
IMF,ngdp_rpch,JPN,2022,0,2022,1.745,1.047
IMF,ngdp_rpch,JPN,2022,0.5,2022,2.392,1.047
IMF,ngdp_rpch,JPN,2022,1,2023,1.613,1.679
IMF,ngdp_rpch,JPN,2022,1.5,2023,2.315,1.679
IMF,ngdp_rpch,JPN,2023,0,2023,1.957,1.679
IMF,ngdp_rpch,JPN,2023,0.5,2023,1.302,1.679
IMF,ngdp_rpch,JPN,2023,1,2024,1.033,0.104
IMF,ngdp_rpch,JPN,2023,1.5,2024,1.019,0.104
IMF,ngdp_rpch,JPN,2024,0,2024,0.322,0.104
IMF,ngdp_rpch,JPN,2024,0.5,2024,0.855,0.104
IMF,ngdp_rpch,JPN,2024,1,2025,1.137,
IMF,ngdp_rpch,JPN,2024,1.5,2025,1.007,
IMF,ngdp_rpch,JPN,2025,0,2025,1.076,
IMF,ngdp_rpch,JPN,2025,1,2026,0.633,
IMF,ngdp_rpch,USA,1990,0,1990,1.254,0.961
IMF,ngdp_rpch,USA,1990,0.5,1990,1.716,0.961
IMF,ngdp_rpch,USA,1990,1,1991,1.679,-1.157
IMF,ngdp_rpch,USA,1990,1.5,1991,2.308,-1.157
IMF,ngdp_rpch,USA,1991,0,1991,-0.273,-1.157
IMF,ngdp_rpch,USA,1991,0.5,1991,0.174,-1.157
IMF,ngdp_rpch,USA,1991,1,1992,3.001,2.568
IMF,ngdp_rpch,USA,1991,1.5,1992,2.74,2.568
IMF,ngdp_rpch,USA,1992,0,1992,1.924,2.568
IMF,ngdp_rpch,USA,1992,0.5,1992,1.571,2.568
IMF,ngdp_rpch,USA,1992,1,1993,3.141,3.117
IMF,ngdp_rpch,USA,1992,1.5,1993,3.496,3.117
IMF,ngdp_rpch,USA,1993,0,1993,2.676,3.117
IMF,ngdp_rpch,USA,1993,0.5,1993,3.235,3.117
IMF,ngdp_rpch,USA,1993,1,1994,2.555,4.08
IMF,ngdp_rpch,USA,1993,1.5,1994,3.222,4.08
IMF,ngdp_rpch,USA,1994,0,1994,3.736,4.08
IMF,ngdp_rpch,USA,1994,0.5,1994,3.862,4.08
IMF,ngdp_rpch,USA,1994,1,1995,2.46,2.03
IMF,ngdp_rpch,USA,1994,1.5,1995,2.561,2.03
IMF,ngdp_rpch,USA,1995,0,1995,2.923,2.03
IMF,ngdp_rpch,USA,1995,0.5,1995,3.228,2.03
IMF,ngdp_rpch,USA,1995,1,1996,2.023,2.764
IMF,ngdp_rpch,USA,1995,1.5,1996,1.895,2.764
IMF,ngdp_rpch,USA,1996,0,1996,2.411,2.764
IMF,ngdp_rpch,USA,1996,0.5,1996,1.769,2.764
IMF,ngdp_rpch,USA,1996,1,1997,2.349,3.932
IMF,ngdp_rpch,USA,1996,1.5,1997,2.199,3.932
IMF,ngdp_rpch,USA,1997,0,1997,3.745,3.932
IMF,ngdp_rpch,USA,1997,0.5,1997,2.995,3.932
IMF,ngdp_rpch,USA,1997,1,1998,2.582,3.881
IMF,ngdp_rpch,USA,1997,1.5,1998,2.219,3.881
IMF,ngdp_rpch,USA,1998,0,1998,3.536,3.881
IMF,ngdp_rpch,USA,1998,0.5,1998,2.858,3.881
IMF,ngdp_rpch,USA,1998,1,1999,2.031,4.229
IMF,ngdp_rpch,USA,1998,1.5,1999,2.166,4.229
IMF,ngdp_rpch,USA,1999,0,1999,3.706,4.229
IMF,ngdp_rpch,USA,1999,0.5,1999,3.25,4.229
IMF,ngdp_rpch,USA,1999,1,2000,2.599,4.149
IMF,ngdp_rpch,USA,1999,1.5,2000,2.16,4.149
IMF,ngdp_rpch,USA,2000,0,2000,5.195,4.149
IMF,ngdp_rpch,USA,2000,0.5,2000,4.381,4.149
IMF,ngdp_rpch,USA,2000,1,2001,3.156,0.252
IMF,ngdp_rpch,USA,2000,1.5,2001,2.985,0.252
IMF,ngdp_rpch,USA,2001,0,2001,1.343,0.252
IMF,ngdp_rpch,USA,2001,0.5,2001,1.461,0.252
IMF,ngdp_rpch,USA,2001,1,2002,2.189,2.445
IMF,ngdp_rpch,USA,2001,1.5,2002,2.533,2.445
IMF,ngdp_rpch,USA,2002,0,2002,2.221,2.445
IMF,ngdp_rpch,USA,2002,0.5,2002,2.289,2.445
IMF,ngdp_rpch,USA,2002,1,2003,2.559,3.042
IMF,ngdp_rpch,USA,2002,1.5,2003,3.426,3.042
IMF,ngdp_rpch,USA,2003,0,2003,2.59,3.042
IMF,ngdp_rpch,USA,2003,0.5,2003,2.235,3.042
IMF,ngdp_rpch,USA,2003,1,2004,3.914,4.215
IMF,ngdp_rpch,USA,2003,1.5,2004,3.645,4.215
IMF,ngdp_rpch,USA,2004,0,2004,4.328,4.215
IMF,ngdp_rpch,USA,2004,0.5,2004,4.644,4.215
IMF,ngdp_rpch,USA,2004,1,2005,3.54,3.224
IMF,ngdp_rpch,USA,2004,1.5,2005,3.874,3.224
IMF,ngdp_rpch,USA,2005,0,2005,3.497,3.224
IMF,ngdp_rpch,USA,2005,0.5,2005,3.649,3.224
IMF,ngdp_rpch,USA,2005,1,2006,3.268,2.871
IMF,ngdp_rpch,USA,2005,1.5,2006,3.615,2.871
IMF,ngdp_rpch,USA,2006,0,2006,3.434,2.871
IMF,ngdp_rpch,USA,2006,0.5,2006,3.424,2.871
IMF,ngdp_rpch,USA,2006,1,2007,2.922,2.028
IMF,ngdp_rpch,USA,2006,1.5,2007,3.336,2.028
IMF,ngdp_rpch,USA,2007,0,2007,1.913,2.028
IMF,ngdp_rpch,USA,2007,0.5,2007,2.187,2.028
IMF,ngdp_rpch,USA,2007,1,2008,1.939,0.439
IMF,ngdp_rpch,USA,2007,1.5,2008,2.76,0.439
IMF,ngdp_rpch,USA,2008,0,2008,1.572,0.439
IMF,ngdp_rpch,USA,2008,0.5,2008,0.517,0.439
IMF,ngdp_rpch,USA,2008,1,2009,0.055,-2.633
IMF,ngdp_rpch,USA,2008,1.5,2009,0.561,-2.633
IMF,ngdp_rpch,USA,2009,0,2009,-2.73,-2.633
IMF,ngdp_rpch,USA,2009,0.5,2009,-2.751,-2.633
IMF,ngdp_rpch,USA,2009,1,2010,1.518,3.03
IMF,ngdp_rpch,USA,2009,1.5,2010,-0.049,3.03
IMF,ngdp_rpch,USA,2010,0,2010,2.639,3.03
IMF,ngdp_rpch,USA,2010,0.5,2010,3.101,3.03
IMF,ngdp_rpch,USA,2010,1,2011,2.313,1.808
IMF,ngdp_rpch,USA,2010,1.5,2011,2.55,1.808
IMF,ngdp_rpch,USA,2011,0,2011,1.527,1.808
IMF,ngdp_rpch,USA,2011,0.5,2011,2.758,1.808
IMF,ngdp_rpch,USA,2011,1,2012,1.782,2.779
IMF,ngdp_rpch,USA,2011,1.5,2012,2.872,2.779
IMF,ngdp_rpch,USA,2012,0,2012,2.17,2.779
IMF,ngdp_rpch,USA,2012,0.5,2012,2.108,2.779
IMF,ngdp_rpch,USA,2012,1,2013,2.116,2.219
IMF,ngdp_rpch,USA,2012,1.5,2013,2.372,2.219
IMF,ngdp_rpch,USA,2013,0,2013,1.56,2.219
IMF,ngdp_rpch,USA,2013,0.5,2013,1.851,2.219
IMF,ngdp_rpch,USA,2013,1,2014,2.588,2.428
IMF,ngdp_rpch,USA,2013,1.5,2014,2.95,2.428
IMF,ngdp_rpch,USA,2014,0,2014,2.154,2.428
IMF,ngdp_rpch,USA,2014,0.5,2014,2.768,2.428
IMF,ngdp_rpch,USA,2014,1,2015,3.093,2.596
IMF,ngdp_rpch,USA,2014,1.5,2015,2.953,2.596
IMF,ngdp_rpch,USA,2015,0,2015,2.568,2.596
IMF,ngdp_rpch,USA,2015,0.5,2015,3.135,2.596
IMF,ngdp_rpch,USA,2015,1,2016,2.839,1.485
IMF,ngdp_rpch,USA,2015,1.5,2016,3.06,1.485
IMF,ngdp_rpch,USA,2016,0,2016,1.578,1.485
IMF,ngdp_rpch,USA,2016,0.5,2016,2.401,1.485
IMF,ngdp_rpch,USA,2016,1,2017,2.199,2.217
IMF,ngdp_rpch,USA,2016,1.5,2017,2.502,2.217
IMF,ngdp_rpch,USA,2017,0,2017,2.181,2.217
IMF,ngdp_rpch,USA,2017,0.5,2017,2.307,2.217
IMF,ngdp_rpch,USA,2017,1,2018,2.341,2.927
IMF,ngdp_rpch,USA,2017,1.5,2018,2.519,2.927
IMF,ngdp_rpch,USA,2018,0,2018,2.884,2.927
IMF,ngdp_rpch,USA,2018,0.5,2018,2.933,2.927
IMF,ngdp_rpch,USA,2018,1,2019,2.541,2.161
IMF,ngdp_rpch,USA,2018,1.5,2019,2.66,2.161
IMF,ngdp_rpch,USA,2019,0,2019,2.35,2.161
IMF,ngdp_rpch,USA,2019,0.5,2019,2.331,2.161
IMF,ngdp_rpch,USA,2019,1,2020,2.089,-3.405
IMF,ngdp_rpch,USA,2019,1.5,2020,1.871,-3.405
IMF,ngdp_rpch,USA,2020,0,2020,-4.272,-3.405
IMF,ngdp_rpch,USA,2020,0.5,2020,-5.907,-3.405
IMF,ngdp_rpch,USA,2020,1,2021,3.078,5.671
IMF,ngdp_rpch,USA,2020,1.5,2021,4.739,5.671
IMF,ngdp_rpch,USA,2021,0,2021,5.973,5.671
IMF,ngdp_rpch,USA,2021,0.5,2021,6.386,5.671
IMF,ngdp_rpch,USA,2021,1,2022,5.198,2.062
IMF,ngdp_rpch,USA,2021,1.5,2022,3.515,2.062
IMF,ngdp_rpch,USA,2022,0,2022,1.641,2.062
IMF,ngdp_rpch,USA,2022,0.5,2022,3.708,2.062
IMF,ngdp_rpch,USA,2022,1,2023,0.995,2.887
IMF,ngdp_rpch,USA,2022,1.5,2023,2.25,2.887
IMF,ngdp_rpch,USA,2023,0,2023,2.085,2.887
IMF,ngdp_rpch,USA,2023,0.5,2023,1.577,2.887
IMF,ngdp_rpch,USA,2023,1,2024,1.475,2.793
IMF,ngdp_rpch,USA,2023,1.5,2024,1.063,2.793
IMF,ngdp_rpch,USA,2024,0,2024,2.765,2.793
IMF,ngdp_rpch,USA,2024,0.5,2024,2.725,2.793
IMF,ngdp_rpch,USA,2024,1,2025,2.153,
IMF,ngdp_rpch,USA,2024,1.5,2025,1.881,
IMF,ngdp_rpch,USA,2025,0,2025,2.017,
IMF,ngdp_rpch,USA,2025,1,2026,2.102,
IMF,pcpi_pch,CAN,1990,0,1990,4.901,4.765
IMF,pcpi_pch,CAN,1990,0.5,1990,4.834,4.765
IMF,pcpi_pch,CAN,1990,1,1991,6.135,5.602
IMF,pcpi_pch,CAN,1990,1.5,1991,5.306,5.602
IMF,pcpi_pch,CAN,1991,0,1991,5.917,5.602
IMF,pcpi_pch,CAN,1991,0.5,1991,5.624,5.602
IMF,pcpi_pch,CAN,1991,1,1992,2.804,1.5
IMF,pcpi_pch,CAN,1991,1.5,1992,3.234,1.5
IMF,pcpi_pch,CAN,1992,0,1992,1.595,1.5
IMF,pcpi_pch,CAN,1992,0.5,1992,1.708,1.5
IMF,pcpi_pch,CAN,1992,1,1993,2.047,1.868
IMF,pcpi_pch,CAN,1992,1.5,1993,2.262,1.868
IMF,pcpi_pch,CAN,1993,0,1993,1.829,1.868
IMF,pcpi_pch,CAN,1993,0.5,1993,2.315,1.868
IMF,pcpi_pch,CAN,1993,1,1994,1.521,0.198
IMF,pcpi_pch,CAN,1993,1.5,1994,2.037,0.198
IMF,pcpi_pch,CAN,1994,0,1994,0.187,0.198
IMF,pcpi_pch,CAN,1994,0.5,1994,0.523,0.198
IMF,pcpi_pch,CAN,1994,1,1995,1.598,1.92
IMF,pcpi_pch,CAN,1994,1.5,1995,1.715,1.92
IMF,pcpi_pch,CAN,1995,0,1995,2.143,1.92
IMF,pcpi_pch,CAN,1995,0.5,1995,1.996,1.92
IMF,pcpi_pch,CAN,1995,1,1996,2.022,1.656
IMF,pcpi_pch,CAN,1995,1.5,1996,1.927,1.656
IMF,pcpi_pch,CAN,1996,0,1996,1.502,1.656
IMF,pcpi_pch,CAN,1996,0.5,1996,1.328,1.656
IMF,pcpi_pch,CAN,1996,1,1997,2.041,1.425
IMF,pcpi_pch,CAN,1996,1.5,1997,1.92,1.425
IMF,pcpi_pch,CAN,1997,0,1997,1.547,1.425
IMF,pcpi_pch,CAN,1997,0.5,1997,1.723,1.425
IMF,pcpi_pch,CAN,1997,1,1998,1.588,1.032
IMF,pcpi_pch,CAN,1997,1.5,1998,1.827,1.032
IMF,pcpi_pch,CAN,1998,0,1998,1.33,1.032
IMF,pcpi_pch,CAN,1998,0.5,1998,1.507,1.032
IMF,pcpi_pch,CAN,1998,1,1999,1.902,1.745
IMF,pcpi_pch,CAN,1998,1.5,1999,1.875,1.745
IMF,pcpi_pch,CAN,1999,0,1999,1.508,1.745
IMF,pcpi_pch,CAN,1999,0.5,1999,1.161,1.745
IMF,pcpi_pch,CAN,1999,1,2000,1.72,2.734
IMF,pcpi_pch,CAN,1999,1.5,2000,1.587,2.734
IMF,pcpi_pch,CAN,2000,0,2000,2.299,2.734
IMF,pcpi_pch,CAN,2000,0.5,2000,2.083,2.734
IMF,pcpi_pch,CAN,2000,1,2001,2.057,2.545
IMF,pcpi_pch,CAN,2000,1.5,2001,1.95,2.545
IMF,pcpi_pch,CAN,2001,0,2001,3.103,2.545
IMF,pcpi_pch,CAN,2001,0.5,2001,2.991,2.545
IMF,pcpi_pch,CAN,2001,1,2002,2.303,2.277
IMF,pcpi_pch,CAN,2001,1.5,2002,2.155,2.277
IMF,pcpi_pch,CAN,2002,0,2002,1.751,2.277
IMF,pcpi_pch,CAN,2002,0.5,2002,0.885,2.277
IMF,pcpi_pch,CAN,2002,1,2003,2.132,2.737
IMF,pcpi_pch,CAN,2002,1.5,2003,1.813,2.737
IMF,pcpi_pch,CAN,2003,0,2003,2.832,2.737
IMF,pcpi_pch,CAN,2003,0.5,2003,3.07,2.737
IMF,pcpi_pch,CAN,2003,1,2004,1.722,1.846
IMF,pcpi_pch,CAN,2003,1.5,2004,2.052,1.846
IMF,pcpi_pch,CAN,2004,0,2004,1.943,1.846
IMF,pcpi_pch,CAN,2004,0.5,2004,1.412,1.846
IMF,pcpi_pch,CAN,2004,1,2005,2.164,2.235
IMF,pcpi_pch,CAN,2004,1.5,2005,1.901,2.235
IMF,pcpi_pch,CAN,2005,0,2005,2.212,2.235
IMF,pcpi_pch,CAN,2005,0.5,2005,2.138,2.235
IMF,pcpi_pch,CAN,2005,1,2006,2.474,2.002
IMF,pcpi_pch,CAN,2005,1.5,2006,1.877,2.002
IMF,pcpi_pch,CAN,2006,0,2006,2.219,2.002
IMF,pcpi_pch,CAN,2006,0.5,2006,1.82,2.002
IMF,pcpi_pch,CAN,2006,1,2007,1.882,2.146
IMF,pcpi_pch,CAN,2006,1.5,2007,2.021,2.146
IMF,pcpi_pch,CAN,2007,0,2007,2.182,2.146
IMF,pcpi_pch,CAN,2007,0.5,2007,1.707,2.146
IMF,pcpi_pch,CAN,2007,1,2008,1.91,2.385
IMF,pcpi_pch,CAN,2007,1.5,2008,1.973,2.385
IMF,pcpi_pch,CAN,2008,0,2008,2.53,2.385
IMF,pcpi_pch,CAN,2008,0.5,2008,1.597,2.385
IMF,pcpi_pch,CAN,2008,1,2009,2.128,0.292
IMF,pcpi_pch,CAN,2008,1.5,2009,2.01,0.292
IMF,pcpi_pch,CAN,2009,0,2009,0.147,0.292
IMF,pcpi_pch,CAN,2009,0.5,2009,0.034,0.292
IMF,pcpi_pch,CAN,2009,1,2010,1.257,1.777
IMF,pcpi_pch,CAN,2009,1.5,2010,0.53,1.777
IMF,pcpi_pch,CAN,2010,0,2010,1.772,1.777
IMF,pcpi_pch,CAN,2010,0.5,2010,1.779,1.777
IMF,pcpi_pch,CAN,2010,1,2011,2.018,2.89
IMF,pcpi_pch,CAN,2010,1.5,2011,1.956,2.89
IMF,pcpi_pch,CAN,2011,0,2011,2.905,2.89
IMF,pcpi_pch,CAN,2011,0.5,2011,2.231,2.89
IMF,pcpi_pch,CAN,2011,1,2012,2.068,1.516
IMF,pcpi_pch,CAN,2011,1.5,2012,1.9,1.516
IMF,pcpi_pch,CAN,2012,0,2012,1.791,1.516
IMF,pcpi_pch,CAN,2012,0.5,2012,2.158,1.516
IMF,pcpi_pch,CAN,2012,1,2013,1.959,0.959
IMF,pcpi_pch,CAN,2012,1.5,2013,1.959,0.959
IMF,pcpi_pch,CAN,2013,0,2013,1.146,0.959
IMF,pcpi_pch,CAN,2013,0.5,2013,1.489,0.959
IMF,pcpi_pch,CAN,2013,1,2014,1.643,1.9
IMF,pcpi_pch,CAN,2013,1.5,2014,1.807,1.9
IMF,pcpi_pch,CAN,2014,0,2014,1.936,1.9
IMF,pcpi_pch,CAN,2014,0.5,2014,1.464,1.9
IMF,pcpi_pch,CAN,2014,1,2015,1.955,1.105
IMF,pcpi_pch,CAN,2014,1.5,2015,1.898,1.105
IMF,pcpi_pch,CAN,2015,0,2015,0.997,1.105
IMF,pcpi_pch,CAN,2015,0.5,2015,0.862,1.105
IMF,pcpi_pch,CAN,2015,1,2016,1.606,1.409
IMF,pcpi_pch,CAN,2015,1.5,2016,1.956,1.409
IMF,pcpi_pch,CAN,2016,0,2016,1.621,1.409
IMF,pcpi_pch,CAN,2016,0.5,2016,1.347,1.409
IMF,pcpi_pch,CAN,2016,1,2017,2.067,1.61
IMF,pcpi_pch,CAN,2016,1.5,2017,1.881,1.61
IMF,pcpi_pch,CAN,2017,0,2017,1.603,1.61
IMF,pcpi_pch,CAN,2017,0.5,2017,1.972,1.61
IMF,pcpi_pch,CAN,2017,1,2018,1.788,2.243
IMF,pcpi_pch,CAN,2017,1.5,2018,2.098,2.243
IMF,pcpi_pch,CAN,2018,0,2018,2.568,2.243
IMF,pcpi_pch,CAN,2018,0.5,2018,2.151,2.243
IMF,pcpi_pch,CAN,2018,1,2019,2.226,1.949
IMF,pcpi_pch,CAN,2018,1.5,2019,2.162,1.949
IMF,pcpi_pch,CAN,2019,0,2019,2.013,1.949
IMF,pcpi_pch,CAN,2019,0.5,2019,1.693,1.949
IMF,pcpi_pch,CAN,2019,1,2020,2.027,0.717
IMF,pcpi_pch,CAN,2019,1.5,2020,1.929,0.717
IMF,pcpi_pch,CAN,2020,0,2020,0.616,0.717
IMF,pcpi_pch,CAN,2020,0.5,2020,0.61,0.717
IMF,pcpi_pch,CAN,2020,1,2021,1.268,3.395
IMF,pcpi_pch,CAN,2020,1.5,2021,1.261,3.395
IMF,pcpi_pch,CAN,2021,0,2021,3.152,3.395
IMF,pcpi_pch,CAN,2021,0.5,2021,1.693,3.395
IMF,pcpi_pch,CAN,2021,1,2022,2.637,6.797
IMF,pcpi_pch,CAN,2021,1.5,2022,2,6.797
IMF,pcpi_pch,CAN,2022,0,2022,6.897,6.797
IMF,pcpi_pch,CAN,2022,0.5,2022,5.637,6.797
IMF,pcpi_pch,CAN,2022,1,2023,4.199,3.879
IMF,pcpi_pch,CAN,2022,1.5,2023,2.368,3.879
IMF,pcpi_pch,CAN,2023,0,2023,3.622,3.879
IMF,pcpi_pch,CAN,2023,0.5,2023,3.899,3.879
IMF,pcpi_pch,CAN,2023,1,2024,2.432,2.398
IMF,pcpi_pch,CAN,2023,1.5,2024,2.385,2.398
IMF,pcpi_pch,CAN,2024,0,2024,2.439,2.398
IMF,pcpi_pch,CAN,2024,0.5,2024,2.606,2.398
IMF,pcpi_pch,CAN,2024,1,2025,1.874,
IMF,pcpi_pch,CAN,2024,1.5,2025,1.854,
IMF,pcpi_pch,CAN,2025,0,2025,1.963,
IMF,pcpi_pch,CAN,2025,1,2026,2.03,
IMF,pcpi_pch,DEU,1990,0,1990,2.811,2.7
IMF,pcpi_pch,DEU,1990,0.5,1990,2.889,2.7
IMF,pcpi_pch,DEU,1990,1,1991,3.696,4.514
IMF,pcpi_pch,DEU,1990,1.5,1991,3.007,4.514
IMF,pcpi_pch,DEU,1991,0,1991,3.5,4.514
IMF,pcpi_pch,DEU,1991,0.5,1991,3.477,4.514
IMF,pcpi_pch,DEU,1991,1,1992,3.5,4.678
IMF,pcpi_pch,DEU,1991,1.5,1992,3.161,4.678
IMF,pcpi_pch,DEU,1992,0,1992,4.905,4.678
IMF,pcpi_pch,DEU,1992,0.5,1992,3.8,4.678
IMF,pcpi_pch,DEU,1992,1,1993,4.203,4.722
IMF,pcpi_pch,DEU,1992,1.5,1993,3.7,4.722
IMF,pcpi_pch,DEU,1993,0,1993,4.587,4.722
IMF,pcpi_pch,DEU,1993,0.5,1993,4.352,4.722
IMF,pcpi_pch,DEU,1993,1,1994,2.91,2.732
IMF,pcpi_pch,DEU,1993,1.5,1994,2.491,2.732
IMF,pcpi_pch,DEU,1994,0,1994,3.108,2.732
IMF,pcpi_pch,DEU,1994,0.5,1994,2.981,2.732
IMF,pcpi_pch,DEU,1994,1,1995,2.16,1.836
IMF,pcpi_pch,DEU,1994,1.5,1995,2.207,1.836
IMF,pcpi_pch,DEU,1995,0,1995,1.849,1.836
IMF,pcpi_pch,DEU,1995,0.5,1995,1.99,1.836
IMF,pcpi_pch,DEU,1995,1,1996,1.749,1.503
IMF,pcpi_pch,DEU,1995,1.5,1996,2,1.503
IMF,pcpi_pch,DEU,1996,0,1996,1.611,1.503
IMF,pcpi_pch,DEU,1996,0.5,1996,1.5,1.503
IMF,pcpi_pch,DEU,1996,1,1997,1.703,1.764
IMF,pcpi_pch,DEU,1996,1.5,1997,1.5,1.764
IMF,pcpi_pch,DEU,1997,0,1997,1.942,1.764
IMF,pcpi_pch,DEU,1997,0.5,1997,1.767,1.764
IMF,pcpi_pch,DEU,1997,1,1998,2.323,0.591
IMF,pcpi_pch,DEU,1997,1.5,1998,1.99,0.591
IMF,pcpi_pch,DEU,1998,0,1998,0.989,0.591
IMF,pcpi_pch,DEU,1998,0.5,1998,1.642,0.591
IMF,pcpi_pch,DEU,1998,1,1999,1.359,0.686
IMF,pcpi_pch,DEU,1998,1.5,1999,1.734,0.686
IMF,pcpi_pch,DEU,1999,0,1999,0.4,0.686
IMF,pcpi_pch,DEU,1999,0.5,1999,0.566,0.686
IMF,pcpi_pch,DEU,1999,1,2000,0.85,2.076
IMF,pcpi_pch,DEU,1999,1.5,2000,1.05,2.076
IMF,pcpi_pch,DEU,2000,0,2000,1.732,2.076
IMF,pcpi_pch,DEU,2000,0.5,2000,1.242,2.076
IMF,pcpi_pch,DEU,2000,1,2001,1.5,2.412
IMF,pcpi_pch,DEU,2000,1.5,2001,1.273,2.412
IMF,pcpi_pch,DEU,2001,0,2001,2.526,2.412
IMF,pcpi_pch,DEU,2001,0.5,2001,1.997,2.412
IMF,pcpi_pch,DEU,2001,1,2002,1.327,1.35
IMF,pcpi_pch,DEU,2001,1.5,2002,1.3,1.35
IMF,pcpi_pch,DEU,2002,0,2002,1.437,1.35
IMF,pcpi_pch,DEU,2002,0.5,2002,1.509,1.35
IMF,pcpi_pch,DEU,2002,1,2003,1.125,1.045
IMF,pcpi_pch,DEU,2002,1.5,2003,1.205,1.045
IMF,pcpi_pch,DEU,2003,0,2003,1.021,1.045
IMF,pcpi_pch,DEU,2003,0.5,2003,1.038,1.045
IMF,pcpi_pch,DEU,2003,1,2004,0.576,1.778
IMF,pcpi_pch,DEU,2003,1.5,2004,0.682,1.778
IMF,pcpi_pch,DEU,2004,0,2004,1.762,1.778
IMF,pcpi_pch,DEU,2004,0.5,2004,0.959,1.778
IMF,pcpi_pch,DEU,2004,1,2005,1.32,1.954
IMF,pcpi_pch,DEU,2004,1.5,2005,0.853,1.954
IMF,pcpi_pch,DEU,2005,0,2005,1.713,1.954
IMF,pcpi_pch,DEU,2005,0.5,2005,1.473,1.954
IMF,pcpi_pch,DEU,2005,1,2006,1.712,1.784
IMF,pcpi_pch,DEU,2005,1.5,2006,1.154,1.784
IMF,pcpi_pch,DEU,2006,0,2006,1.974,1.784
IMF,pcpi_pch,DEU,2006,0.5,2006,1.814,1.784
IMF,pcpi_pch,DEU,2006,1,2007,2.614,2.276
IMF,pcpi_pch,DEU,2006,1.5,2007,2.5,2.276
IMF,pcpi_pch,DEU,2007,0,2007,2.101,2.276
IMF,pcpi_pch,DEU,2007,0.5,2007,1.983,2.276
IMF,pcpi_pch,DEU,2007,1,2008,1.773,2.754
IMF,pcpi_pch,DEU,2007,1.5,2008,1.64,2.754
IMF,pcpi_pch,DEU,2008,0,2008,2.94,2.754
IMF,pcpi_pch,DEU,2008,0.5,2008,2.497,2.754
IMF,pcpi_pch,DEU,2008,1,2009,1.374,0.234
IMF,pcpi_pch,DEU,2008,1.5,2009,1.594,0.234
IMF,pcpi_pch,DEU,2009,0,2009,0.135,0.234
IMF,pcpi_pch,DEU,2009,0.5,2009,0.097,0.234
IMF,pcpi_pch,DEU,2009,1,2010,0.183,1.15
IMF,pcpi_pch,DEU,2009,1.5,2010,-0.412,1.15
IMF,pcpi_pch,DEU,2010,0,2010,1.321,1.15
IMF,pcpi_pch,DEU,2010,0.5,2010,0.918,1.15
IMF,pcpi_pch,DEU,2010,1,2011,1.359,2.482
IMF,pcpi_pch,DEU,2010,1.5,2011,1.045,2.482
IMF,pcpi_pch,DEU,2011,0,2011,2.236,2.482
IMF,pcpi_pch,DEU,2011,0.5,2011,2.186,2.482
IMF,pcpi_pch,DEU,2011,1,2012,1.3,2.137
IMF,pcpi_pch,DEU,2011,1.5,2012,1.527,2.137
IMF,pcpi_pch,DEU,2012,0,2012,2.152,2.137
IMF,pcpi_pch,DEU,2012,0.5,2012,1.909,2.137
IMF,pcpi_pch,DEU,2012,1,2013,1.86,1.601
IMF,pcpi_pch,DEU,2012,1.5,2013,1.75,1.601
IMF,pcpi_pch,DEU,2013,0,2013,1.606,1.601
IMF,pcpi_pch,DEU,2013,0.5,2013,1.611,1.601
IMF,pcpi_pch,DEU,2013,1,2014,1.789,0.788
IMF,pcpi_pch,DEU,2013,1.5,2014,1.7,0.788
IMF,pcpi_pch,DEU,2014,0,2014,0.896,0.788
IMF,pcpi_pch,DEU,2014,0.5,2014,1.361,0.788
IMF,pcpi_pch,DEU,2014,1,2015,1.247,0.142
IMF,pcpi_pch,DEU,2014,1.5,2015,1.357,0.142
IMF,pcpi_pch,DEU,2015,0,2015,0.162,0.142
IMF,pcpi_pch,DEU,2015,0.5,2015,0.211,0.142
IMF,pcpi_pch,DEU,2015,1,2016,1.155,0.383
IMF,pcpi_pch,DEU,2015,1.5,2016,1.321,0.383
IMF,pcpi_pch,DEU,2016,0,2016,0.399,0.383
IMF,pcpi_pch,DEU,2016,0.5,2016,0.483,0.383
IMF,pcpi_pch,DEU,2016,1,2017,1.539,1.702
IMF,pcpi_pch,DEU,2016,1.5,2017,1.439,1.702
IMF,pcpi_pch,DEU,2017,0,2017,1.557,1.702
IMF,pcpi_pch,DEU,2017,0.5,2017,2.022,1.702
IMF,pcpi_pch,DEU,2017,1,2018,1.524,1.927
IMF,pcpi_pch,DEU,2017,1.5,2018,1.675,1.927
IMF,pcpi_pch,DEU,2018,0,2018,1.807,1.927
IMF,pcpi_pch,DEU,2018,0.5,2018,1.626,1.927
IMF,pcpi_pch,DEU,2018,1,2019,1.778,1.346
IMF,pcpi_pch,DEU,2018,1.5,2019,1.667,1.346
IMF,pcpi_pch,DEU,2019,0,2019,1.486,1.346
IMF,pcpi_pch,DEU,2019,0.5,2019,1.342,1.346
IMF,pcpi_pch,DEU,2019,1,2020,1.666,0.371
IMF,pcpi_pch,DEU,2019,1.5,2020,1.673,0.371
IMF,pcpi_pch,DEU,2020,0,2020,0.495,0.371
IMF,pcpi_pch,DEU,2020,0.5,2020,0.322,0.371
IMF,pcpi_pch,DEU,2020,1,2021,1.079,3.212
IMF,pcpi_pch,DEU,2020,1.5,2021,1.183,3.212
IMF,pcpi_pch,DEU,2021,0,2021,2.881,3.212
IMF,pcpi_pch,DEU,2021,0.5,2021,2.247,3.212
IMF,pcpi_pch,DEU,2021,1,2022,1.508,8.666
IMF,pcpi_pch,DEU,2021,1.5,2022,1.099,8.666
IMF,pcpi_pch,DEU,2022,0,2022,8.455,8.666
IMF,pcpi_pch,DEU,2022,0.5,2022,5.464,8.666
IMF,pcpi_pch,DEU,2022,1,2023,7.187,6.03
IMF,pcpi_pch,DEU,2022,1.5,2023,2.9,6.03
IMF,pcpi_pch,DEU,2023,0,2023,6.324,6.03
IMF,pcpi_pch,DEU,2023,0.5,2023,6.193,6.03
IMF,pcpi_pch,DEU,2023,1,2024,3.532,2.489
IMF,pcpi_pch,DEU,2023,1.5,2024,3.077,2.489
IMF,pcpi_pch,DEU,2024,0,2024,2.374,2.489
IMF,pcpi_pch,DEU,2024,0.5,2024,2.406,2.489
IMF,pcpi_pch,DEU,2024,1,2025,2.028,
IMF,pcpi_pch,DEU,2024,1.5,2025,2.019,
IMF,pcpi_pch,DEU,2025,0,2025,2.114,
IMF,pcpi_pch,DEU,2025,1,2026,1.756,
IMF,pcpi_pch,FRA,1990,0,1990,3.2,3.4
IMF,pcpi_pch,FRA,1990,0.5,1990,3.1,3.4
IMF,pcpi_pch,FRA,1990,1,1991,3,3.115
IMF,pcpi_pch,FRA,1990,1.5,1991,2.8,3.115
IMF,pcpi_pch,FRA,1991,0,1991,3.3,3.115
IMF,pcpi_pch,FRA,1991,0.5,1991,3.2,3.115
IMF,pcpi_pch,FRA,1991,1,1992,3,2.366
IMF,pcpi_pch,FRA,1991,1.5,1992,2.8,2.366
IMF,pcpi_pch,FRA,1992,0,1992,2.9,2.366
IMF,pcpi_pch,FRA,1992,0.5,1992,2.7,2.366
IMF,pcpi_pch,FRA,1992,1,1993,2.8,2.106
IMF,pcpi_pch,FRA,1992,1.5,1993,2.5,2.106
IMF,pcpi_pch,FRA,1993,0,1993,2.2,2.106
IMF,pcpi_pch,FRA,1993,0.5,1993,2,2.106
IMF,pcpi_pch,FRA,1993,1,1994,2.2,1.669
IMF,pcpi_pch,FRA,1993,1.5,1994,2.5,1.669
IMF,pcpi_pch,FRA,1994,0,1994,1.804,1.669
IMF,pcpi_pch,FRA,1994,0.5,1994,1.86,1.669
IMF,pcpi_pch,FRA,1994,1,1995,1.76,1.778
IMF,pcpi_pch,FRA,1994,1.5,1995,2.1,1.778
IMF,pcpi_pch,FRA,1995,0,1995,2.1,1.778
IMF,pcpi_pch,FRA,1995,0.5,1995,2,1.778
IMF,pcpi_pch,FRA,1995,1,1996,2.3,2.008
IMF,pcpi_pch,FRA,1995,1.5,1996,2,2.008
IMF,pcpi_pch,FRA,1996,0,1996,2.1,2.008
IMF,pcpi_pch,FRA,1996,0.5,1996,1.8,2.008
IMF,pcpi_pch,FRA,1996,1,1997,1.6,1.199
IMF,pcpi_pch,FRA,1996,1.5,1997,1.8,1.199
IMF,pcpi_pch,FRA,1997,0,1997,1.085,1.199
IMF,pcpi_pch,FRA,1997,0.5,1997,1.6,1.199
IMF,pcpi_pch,FRA,1997,1,1998,1.325,0.667
IMF,pcpi_pch,FRA,1997,1.5,1998,1.8,0.667
IMF,pcpi_pch,FRA,1998,0,1998,1.139,0.667
IMF,pcpi_pch,FRA,1998,0.5,1998,1.39,0.667
IMF,pcpi_pch,FRA,1998,1,1999,1.297,0.564
IMF,pcpi_pch,FRA,1998,1.5,1999,1.815,0.564
IMF,pcpi_pch,FRA,1999,0,1999,0.471,0.564
IMF,pcpi_pch,FRA,1999,0.5,1999,0.516,0.564
IMF,pcpi_pch,FRA,1999,1,2000,1.057,1.829
IMF,pcpi_pch,FRA,1999,1.5,2000,1.106,1.829
IMF,pcpi_pch,FRA,2000,0,2000,1.545,1.829
IMF,pcpi_pch,FRA,2000,0.5,2000,1.272,1.829
IMF,pcpi_pch,FRA,2000,1,2001,1.059,1.78
IMF,pcpi_pch,FRA,2000,1.5,2001,1.063,1.78
IMF,pcpi_pch,FRA,2001,0,2001,1.776,1.78
IMF,pcpi_pch,FRA,2001,0.5,2001,1.5,1.78
IMF,pcpi_pch,FRA,2001,1,2002,1.097,1.937
IMF,pcpi_pch,FRA,2001,1.5,2002,1.43,1.937
IMF,pcpi_pch,FRA,2002,0,2002,1.757,1.937
IMF,pcpi_pch,FRA,2002,0.5,2002,1.523,1.937
IMF,pcpi_pch,FRA,2002,1,2003,1.351,2.17
IMF,pcpi_pch,FRA,2002,1.5,2003,1.409,2.17
IMF,pcpi_pch,FRA,2003,0,2003,1.94,2.17
IMF,pcpi_pch,FRA,2003,0.5,2003,2.042,2.17
IMF,pcpi_pch,FRA,2003,1,2004,1.664,2.342
IMF,pcpi_pch,FRA,2003,1.5,2004,1.568,2.342
IMF,pcpi_pch,FRA,2004,0,2004,2.382,2.342
IMF,pcpi_pch,FRA,2004,0.5,2004,1.771,2.342
IMF,pcpi_pch,FRA,2004,1,2005,2.059,1.885
IMF,pcpi_pch,FRA,2004,1.5,2005,1.615,1.885
IMF,pcpi_pch,FRA,2005,0,2005,1.856,1.885
IMF,pcpi_pch,FRA,2005,0.5,2005,2.023,1.885
IMF,pcpi_pch,FRA,2005,1,2006,1.756,1.912
IMF,pcpi_pch,FRA,2005,1.5,2006,1.856,1.912
IMF,pcpi_pch,FRA,2006,0,2006,2.028,1.912
IMF,pcpi_pch,FRA,2006,0.5,2006,1.677,1.912
IMF,pcpi_pch,FRA,2006,1,2007,1.916,1.607
IMF,pcpi_pch,FRA,2006,1.5,2007,1.765,1.607
IMF,pcpi_pch,FRA,2007,0,2007,1.623,1.607
IMF,pcpi_pch,FRA,2007,0.5,2007,1.654,1.607
IMF,pcpi_pch,FRA,2007,1,2008,1.812,3.159
IMF,pcpi_pch,FRA,2007,1.5,2008,1.847,3.159
IMF,pcpi_pch,FRA,2008,0,2008,3.413,3.159
IMF,pcpi_pch,FRA,2008,0.5,2008,2.503,3.159
IMF,pcpi_pch,FRA,2008,1,2009,1.594,0.103
IMF,pcpi_pch,FRA,2008,1.5,2009,1.667,0.103
IMF,pcpi_pch,FRA,2009,0,2009,0.337,0.103
IMF,pcpi_pch,FRA,2009,0.5,2009,0.455,0.103
IMF,pcpi_pch,FRA,2009,1,2010,1.139,1.736
IMF,pcpi_pch,FRA,2009,1.5,2010,1,1.736
IMF,pcpi_pch,FRA,2010,0,2010,1.64,1.736
IMF,pcpi_pch,FRA,2010,0.5,2010,1.203,1.736
IMF,pcpi_pch,FRA,2010,1,2011,1.606,2.141
IMF,pcpi_pch,FRA,2010,1.5,2011,1.504,2.141
IMF,pcpi_pch,FRA,2011,0,2011,2.146,2.141
IMF,pcpi_pch,FRA,2011,0.5,2011,2.143,2.141
IMF,pcpi_pch,FRA,2011,1,2012,1.35,2.22
IMF,pcpi_pch,FRA,2011,1.5,2012,1.724,2.22
IMF,pcpi_pch,FRA,2012,0,2012,1.924,2.22
IMF,pcpi_pch,FRA,2012,0.5,2012,1.952,2.22
IMF,pcpi_pch,FRA,2012,1,2013,0.968,0.992
IMF,pcpi_pch,FRA,2012,1.5,2013,1.63,0.992
IMF,pcpi_pch,FRA,2013,0,2013,1.01,0.992
IMF,pcpi_pch,FRA,2013,0.5,2013,1.57,0.992
IMF,pcpi_pch,FRA,2013,1,2014,1.46,0.609
IMF,pcpi_pch,FRA,2013,1.5,2014,1.456,0.609
IMF,pcpi_pch,FRA,2014,0,2014,0.7,0.609
IMF,pcpi_pch,FRA,2014,0.5,2014,1,0.609
IMF,pcpi_pch,FRA,2014,1,2015,0.928,0.088
IMF,pcpi_pch,FRA,2014,1.5,2015,1.228,0.088
IMF,pcpi_pch,FRA,2015,0,2015,0.149,0.088
IMF,pcpi_pch,FRA,2015,0.5,2015,0.113,0.088
IMF,pcpi_pch,FRA,2015,1,2016,0.98,0.305
IMF,pcpi_pch,FRA,2015,1.5,2016,0.83,0.305
IMF,pcpi_pch,FRA,2016,0,2016,0.346,0.305
IMF,pcpi_pch,FRA,2016,0.5,2016,0.4,0.305
IMF,pcpi_pch,FRA,2016,1,2017,1.004,1.165
IMF,pcpi_pch,FRA,2016,1.5,2017,1.075,1.165
IMF,pcpi_pch,FRA,2017,0,2017,1.161,1.165
IMF,pcpi_pch,FRA,2017,0.5,2017,1.407,1.165
IMF,pcpi_pch,FRA,2017,1,2018,1.293,2.102
IMF,pcpi_pch,FRA,2017,1.5,2018,1.188,2.102
IMF,pcpi_pch,FRA,2018,0,2018,1.856,2.102
IMF,pcpi_pch,FRA,2018,0.5,2018,1.515,2.102
IMF,pcpi_pch,FRA,2018,1,2019,1.846,1.3
IMF,pcpi_pch,FRA,2018,1.5,2019,1.609,1.3
IMF,pcpi_pch,FRA,2019,0,2019,1.167,1.3
IMF,pcpi_pch,FRA,2019,0.5,2019,1.323,1.3
IMF,pcpi_pch,FRA,2019,1,2020,1.332,0.525
IMF,pcpi_pch,FRA,2019,1.5,2020,1.547,0.525
IMF,pcpi_pch,FRA,2020,0,2020,0.458,0.525
IMF,pcpi_pch,FRA,2020,0.5,2020,0.288,0.525
IMF,pcpi_pch,FRA,2020,1,2021,0.633,2.064
IMF,pcpi_pch,FRA,2020,1.5,2021,0.699,2.064
IMF,pcpi_pch,FRA,2021,0,2021,1.962,2.064
IMF,pcpi_pch,FRA,2021,0.5,2021,1.081,2.064
IMF,pcpi_pch,FRA,2021,1,2022,1.62,5.904
IMF,pcpi_pch,FRA,2021,1.5,2022,1.167,5.904
IMF,pcpi_pch,FRA,2022,0,2022,5.809,5.904
IMF,pcpi_pch,FRA,2022,0.5,2022,4.075,5.904
IMF,pcpi_pch,FRA,2022,1,2023,4.604,5.662
IMF,pcpi_pch,FRA,2022,1.5,2023,1.783,5.662
IMF,pcpi_pch,FRA,2023,0,2023,5.634,5.662
IMF,pcpi_pch,FRA,2023,0.5,2023,5.045,5.662
IMF,pcpi_pch,FRA,2023,1,2024,2.46,2.53
IMF,pcpi_pch,FRA,2023,1.5,2024,2.463,2.53
IMF,pcpi_pch,FRA,2024,0,2024,2.313,2.53
IMF,pcpi_pch,FRA,2024,0.5,2024,2.417,2.53
IMF,pcpi_pch,FRA,2024,1,2025,1.64,
IMF,pcpi_pch,FRA,2024,1.5,2025,1.792,
IMF,pcpi_pch,FRA,2025,0,2025,3.402,
IMF,pcpi_pch,FRA,2025,1,2026,2.546,
IMF,pcpi_pch,GBR,1990,0,1990,9.255,9.476
IMF,pcpi_pch,GBR,1990,0.5,1990,8.182,9.476
IMF,pcpi_pch,GBR,1990,1,1991,6.648,5.88
IMF,pcpi_pch,GBR,1990,1.5,1991,6.95,5.88
IMF,pcpi_pch,GBR,1991,0,1991,5.922,5.88
IMF,pcpi_pch,GBR,1991,0.5,1991,6,5.88
IMF,pcpi_pch,GBR,1991,1,1992,3.878,4.703
IMF,pcpi_pch,GBR,1991,1.5,1992,3.9,4.703
IMF,pcpi_pch,GBR,1992,0,1992,3.8,4.703
IMF,pcpi_pch,GBR,1992,0.5,1992,3.7,4.703
IMF,pcpi_pch,GBR,1992,1,1993,3,2.987
IMF,pcpi_pch,GBR,1992,1.5,1993,3.1,2.987
IMF,pcpi_pch,GBR,1993,0,1993,3.173,2.987
IMF,pcpi_pch,GBR,1993,0.5,1993,2.125,2.987
IMF,pcpi_pch,GBR,1993,1,1994,3.761,2.378
IMF,pcpi_pch,GBR,1993,1.5,1994,4,2.378
IMF,pcpi_pch,GBR,1994,0,1994,2.531,2.378
IMF,pcpi_pch,GBR,1994,0.5,1994,3.214,2.378
IMF,pcpi_pch,GBR,1994,1,1995,3.121,2.833
IMF,pcpi_pch,GBR,1994,1.5,1995,3.022,2.833
IMF,pcpi_pch,GBR,1995,0,1995,2.883,2.833
IMF,pcpi_pch,GBR,1995,0.5,1995,2.948,2.833
IMF,pcpi_pch,GBR,1995,1,1996,3.047,2.949
IMF,pcpi_pch,GBR,1995,1.5,1996,2.761,2.949
IMF,pcpi_pch,GBR,1996,0,1996,2.719,2.949
IMF,pcpi_pch,GBR,1996,0.5,1996,2.819,2.949
IMF,pcpi_pch,GBR,1996,1,1997,2.399,2.753
IMF,pcpi_pch,GBR,1996,1.5,1997,2.568,2.753
IMF,pcpi_pch,GBR,1997,0,1997,2.584,2.753
IMF,pcpi_pch,GBR,1997,0.5,1997,2.64,2.753
IMF,pcpi_pch,GBR,1997,1,1998,2.696,2.652
IMF,pcpi_pch,GBR,1997,1.5,1998,2.451,2.652
IMF,pcpi_pch,GBR,1998,0,1998,2.767,2.652
IMF,pcpi_pch,GBR,1998,0.5,1998,2.936,2.652
IMF,pcpi_pch,GBR,1998,1,1999,2.827,2.289
IMF,pcpi_pch,GBR,1998,1.5,1999,2.567,2.289
IMF,pcpi_pch,GBR,1999,0,1999,2.312,2.289
IMF,pcpi_pch,GBR,1999,0.5,1999,2.676,2.289
IMF,pcpi_pch,GBR,1999,1,2000,2.164,2.1
IMF,pcpi_pch,GBR,1999,1.5,2000,2.413,2.1
IMF,pcpi_pch,GBR,2000,0,2000,1.993,2.1
IMF,pcpi_pch,GBR,2000,0.5,2000,1.993,2.1
IMF,pcpi_pch,GBR,2000,1,2001,2.44,2.116
IMF,pcpi_pch,GBR,2000,1.5,2001,2.44,2.116
IMF,pcpi_pch,GBR,2001,0,2001,2.217,2.116
IMF,pcpi_pch,GBR,2001,0.5,2001,2.187,2.116
IMF,pcpi_pch,GBR,2001,1,2002,2.402,2.204
IMF,pcpi_pch,GBR,2001,1.5,2002,2.396,2.204
IMF,pcpi_pch,GBR,2002,0,2002,1.869,2.204
IMF,pcpi_pch,GBR,2002,0.5,2002,2.443,2.204
IMF,pcpi_pch,GBR,2002,1,2003,2.146,1.362
IMF,pcpi_pch,GBR,2002,1.5,2003,2.454,1.362
IMF,pcpi_pch,GBR,2003,0,2003,2.821,1.362
IMF,pcpi_pch,GBR,2003,0.5,2003,2.849,1.362
IMF,pcpi_pch,GBR,2003,1,2004,2.515,1.298
IMF,pcpi_pch,GBR,2003,1.5,2004,2.656,1.298
IMF,pcpi_pch,GBR,2004,0,2004,1.565,1.298
IMF,pcpi_pch,GBR,2004,0.5,2004,1.599,1.298
IMF,pcpi_pch,GBR,2004,1,2005,1.878,2.041
IMF,pcpi_pch,GBR,2004,1.5,2005,1.845,2.041
IMF,pcpi_pch,GBR,2005,0,2005,1.987,2.041
IMF,pcpi_pch,GBR,2005,0.5,2005,1.697,2.041
IMF,pcpi_pch,GBR,2005,1,2006,1.933,2.3
IMF,pcpi_pch,GBR,2005,1.5,2006,1.99,2.3
IMF,pcpi_pch,GBR,2006,0,2006,2.283,2.3
IMF,pcpi_pch,GBR,2006,0.5,2006,1.902,2.3
IMF,pcpi_pch,GBR,2006,1,2007,2.411,2.346
IMF,pcpi_pch,GBR,2006,1.5,2007,1.917,2.346
IMF,pcpi_pch,GBR,2007,0,2007,2.44,2.346
IMF,pcpi_pch,GBR,2007,0.5,2007,2.272,2.346
IMF,pcpi_pch,GBR,2007,1,2008,2.025,3.629
IMF,pcpi_pch,GBR,2007,1.5,2008,2,3.629
IMF,pcpi_pch,GBR,2008,0,2008,3.78,3.629
IMF,pcpi_pch,GBR,2008,0.5,2008,2.504,3.629
IMF,pcpi_pch,GBR,2008,1,2009,2.937,2.12
IMF,pcpi_pch,GBR,2008,1.5,2009,2.1,2.12
IMF,pcpi_pch,GBR,2009,0,2009,1.887,2.12
IMF,pcpi_pch,GBR,2009,0.5,2009,1.464,2.12
IMF,pcpi_pch,GBR,2009,1,2010,1.499,3.339
IMF,pcpi_pch,GBR,2009,1.5,2010,0.776,3.339
IMF,pcpi_pch,GBR,2010,0,2010,3.078,3.339
IMF,pcpi_pch,GBR,2010,0.5,2010,2.721,3.339
IMF,pcpi_pch,GBR,2010,1,2011,2.525,4.454
IMF,pcpi_pch,GBR,2010,1.5,2011,1.575,4.454
IMF,pcpi_pch,GBR,2011,0,2011,4.513,4.454
IMF,pcpi_pch,GBR,2011,0.5,2011,4.2,4.454
IMF,pcpi_pch,GBR,2011,1,2012,2.439,2.843
IMF,pcpi_pch,GBR,2011,1.5,2012,1.997,2.843
IMF,pcpi_pch,GBR,2012,0,2012,2.732,2.843
IMF,pcpi_pch,GBR,2012,0.5,2012,2.431,2.843
IMF,pcpi_pch,GBR,2012,1,2013,1.899,2.555
IMF,pcpi_pch,GBR,2012,1.5,2013,2,2.555
IMF,pcpi_pch,GBR,2013,0,2013,2.7,2.555
IMF,pcpi_pch,GBR,2013,0.5,2013,2.654,2.555
IMF,pcpi_pch,GBR,2013,1,2014,2.3,1.46
IMF,pcpi_pch,GBR,2013,1.5,2014,2.5,1.46
IMF,pcpi_pch,GBR,2014,0,2014,1.631,1.46
IMF,pcpi_pch,GBR,2014,0.5,2014,1.9,1.46
IMF,pcpi_pch,GBR,2014,1,2015,1.8,0.05
IMF,pcpi_pch,GBR,2014,1.5,2015,1.9,0.05
IMF,pcpi_pch,GBR,2015,0,2015,0.062,0.05
IMF,pcpi_pch,GBR,2015,0.5,2015,0.125,0.05
IMF,pcpi_pch,GBR,2015,1,2016,1.503,0.66
IMF,pcpi_pch,GBR,2015,1.5,2016,1.7,0.66
IMF,pcpi_pch,GBR,2016,0,2016,0.743,0.66
IMF,pcpi_pch,GBR,2016,0.5,2016,0.776,0.66
IMF,pcpi_pch,GBR,2016,1,2017,2.506,2.683
IMF,pcpi_pch,GBR,2016,1.5,2017,1.875,2.683
IMF,pcpi_pch,GBR,2017,0,2017,2.628,2.683
IMF,pcpi_pch,GBR,2017,0.5,2017,2.452,2.683
IMF,pcpi_pch,GBR,2017,1,2018,2.644,2.478
IMF,pcpi_pch,GBR,2017,1.5,2018,2.625,2.478
IMF,pcpi_pch,GBR,2018,0,2018,2.511,2.478
IMF,pcpi_pch,GBR,2018,0.5,2018,2.744,2.478
IMF,pcpi_pch,GBR,2018,1,2019,2.172,1.791
IMF,pcpi_pch,GBR,2018,1.5,2019,2.159,1.791
IMF,pcpi_pch,GBR,2019,0,2019,1.808,1.791
IMF,pcpi_pch,GBR,2019,0.5,2019,1.837,1.791
IMF,pcpi_pch,GBR,2019,1,2020,1.944,0.851
IMF,pcpi_pch,GBR,2019,1.5,2020,2.005,0.851
IMF,pcpi_pch,GBR,2020,0,2020,0.772,0.851
IMF,pcpi_pch,GBR,2020,0.5,2020,1.186,0.851
IMF,pcpi_pch,GBR,2020,1,2021,1.212,2.588
IMF,pcpi_pch,GBR,2020,1.5,2021,1.545,2.588
IMF,pcpi_pch,GBR,2021,0,2021,2.191,2.588
IMF,pcpi_pch,GBR,2021,0.5,2021,1.513,2.588
IMF,pcpi_pch,GBR,2021,1,2022,2.62,9.067
IMF,pcpi_pch,GBR,2021,1.5,2022,1.862,9.067
IMF,pcpi_pch,GBR,2022,0,2022,9.119,9.067
IMF,pcpi_pch,GBR,2022,0.5,2022,7.41,9.067
IMF,pcpi_pch,GBR,2022,1,2023,8.99,7.305
IMF,pcpi_pch,GBR,2022,1.5,2023,5.273,7.305
IMF,pcpi_pch,GBR,2023,0,2023,7.656,7.305
IMF,pcpi_pch,GBR,2023,0.5,2023,6.841,7.305
IMF,pcpi_pch,GBR,2023,1,2024,3.651,2.317
IMF,pcpi_pch,GBR,2023,1.5,2024,2.979,2.317
IMF,pcpi_pch,GBR,2024,0,2024,2.624,2.317
IMF,pcpi_pch,GBR,2024,0.5,2024,2.453,2.317
IMF,pcpi_pch,GBR,2024,1,2025,2.074,
IMF,pcpi_pch,GBR,2024,1.5,2025,2.01,
IMF,pcpi_pch,GBR,2025,0,2025,1.143,
IMF,pcpi_pch,GBR,2025,1,2026,1.526,
IMF,pcpi_pch,ITA,1990,0,1990,6.4,6.462
IMF,pcpi_pch,ITA,1990,0.5,1990,5.9,6.462
IMF,pcpi_pch,ITA,1990,1,1991,5.6,6.307
IMF,pcpi_pch,ITA,1990,1.5,1991,4.7,6.307
IMF,pcpi_pch,ITA,1991,0,1991,6.335,6.307
IMF,pcpi_pch,ITA,1991,0.5,1991,6.162,6.307
IMF,pcpi_pch,ITA,1991,1,1992,5.6,5.218
IMF,pcpi_pch,ITA,1991,1.5,1992,5.6,5.218
IMF,pcpi_pch,ITA,1992,0,1992,5.594,5.218
IMF,pcpi_pch,ITA,1992,0.5,1992,5.034,5.218
IMF,pcpi_pch,ITA,1992,1,1993,5.09,4.43
IMF,pcpi_pch,ITA,1992,1.5,1993,5.163,4.43
IMF,pcpi_pch,ITA,1993,0,1993,4.503,4.43
IMF,pcpi_pch,ITA,1993,0.5,1993,5.74,4.43
IMF,pcpi_pch,ITA,1993,1,1994,4.618,4
IMF,pcpi_pch,ITA,1993,1.5,1994,5.236,4
IMF,pcpi_pch,ITA,1994,0,1994,3.8,4
IMF,pcpi_pch,ITA,1994,0.5,1994,3.8,4
IMF,pcpi_pch,ITA,1994,1,1995,3.1,5.2
IMF,pcpi_pch,ITA,1994,1.5,1995,3.1,5.2
IMF,pcpi_pch,ITA,1995,0,1995,5.4,5.2
IMF,pcpi_pch,ITA,1995,0.5,1995,5.2,5.2
IMF,pcpi_pch,ITA,1995,1,1996,4,3.916
IMF,pcpi_pch,ITA,1995,1.5,1996,4.2,3.916
IMF,pcpi_pch,ITA,1996,0,1996,3.946,3.916
IMF,pcpi_pch,ITA,1996,0.5,1996,4.42,3.916
IMF,pcpi_pch,ITA,1996,1,1997,3,1.741
IMF,pcpi_pch,ITA,1996,1.5,1997,4,1.741
IMF,pcpi_pch,ITA,1997,0,1997,1.8,1.741
IMF,pcpi_pch,ITA,1997,0.5,1997,2.4,1.741
IMF,pcpi_pch,ITA,1997,1,1998,2.1,1.75
IMF,pcpi_pch,ITA,1997,1.5,1998,2,1.75
IMF,pcpi_pch,ITA,1998,0,1998,1.76,1.75
IMF,pcpi_pch,ITA,1998,0.5,1998,1.76,1.75
IMF,pcpi_pch,ITA,1998,1,1999,1.74,1.655
IMF,pcpi_pch,ITA,1998,1.5,1999,1.74,1.655
IMF,pcpi_pch,ITA,1999,0,1999,1.48,1.655
IMF,pcpi_pch,ITA,1999,0.5,1999,1.33,1.655
IMF,pcpi_pch,ITA,1999,1,2000,1.64,2.595
IMF,pcpi_pch,ITA,1999,1.5,2000,1.5,2.595
IMF,pcpi_pch,ITA,2000,0,2000,2.45,2.595
IMF,pcpi_pch,ITA,2000,0.5,2000,2.15,2.595
IMF,pcpi_pch,ITA,2000,1,2001,1.65,2.652
IMF,pcpi_pch,ITA,2000,1.5,2001,1.6,2.652
IMF,pcpi_pch,ITA,2001,0,2001,2.64,2.652
IMF,pcpi_pch,ITA,2001,0.5,2001,2.24,2.652
IMF,pcpi_pch,ITA,2001,1,2002,1.64,2.607
IMF,pcpi_pch,ITA,2001,1.5,2002,1.55,2.607
IMF,pcpi_pch,ITA,2002,0,2002,2.448,2.607
IMF,pcpi_pch,ITA,2002,0.5,2002,2.151,2.607
IMF,pcpi_pch,ITA,2002,1,2003,1.839,2.819
IMF,pcpi_pch,ITA,2002,1.5,2003,1.559,2.819
IMF,pcpi_pch,ITA,2003,0,2003,2.841,2.819
IMF,pcpi_pch,ITA,2003,0.5,2003,2.381,2.819
IMF,pcpi_pch,ITA,2003,1,2004,2.014,2.265
IMF,pcpi_pch,ITA,2003,1.5,2004,1.596,2.265
IMF,pcpi_pch,ITA,2004,0,2004,2.136,2.265
IMF,pcpi_pch,ITA,2004,0.5,2004,2.136,2.265
IMF,pcpi_pch,ITA,2004,1,2005,2.04,2.289
IMF,pcpi_pch,ITA,2004,1.5,2005,2.04,2.289
IMF,pcpi_pch,ITA,2005,0,2005,2.13,2.289
IMF,pcpi_pch,ITA,2005,0.5,2005,1.805,2.289
IMF,pcpi_pch,ITA,2005,1,2006,1.959,2.217
IMF,pcpi_pch,ITA,2005,1.5,2006,1.81,2.217
IMF,pcpi_pch,ITA,2006,0,2006,2.351,2.217
IMF,pcpi_pch,ITA,2006,0.5,2006,2.473,2.217
IMF,pcpi_pch,ITA,2006,1,2007,2.075,2.038
IMF,pcpi_pch,ITA,2006,1.5,2007,2.122,2.038
IMF,pcpi_pch,ITA,2007,0,2007,1.864,2.038
IMF,pcpi_pch,ITA,2007,0.5,2007,2.102,2.038
IMF,pcpi_pch,ITA,2007,1,2008,1.866,3.5
IMF,pcpi_pch,ITA,2007,1.5,2008,1.96,3.5
IMF,pcpi_pch,ITA,2008,0,2008,3.449,3.5
IMF,pcpi_pch,ITA,2008,0.5,2008,2.47,3.5
IMF,pcpi_pch,ITA,2008,1,2009,1.879,0.764
IMF,pcpi_pch,ITA,2008,1.5,2009,1.862,0.764
IMF,pcpi_pch,ITA,2009,0,2009,0.75,0.764
IMF,pcpi_pch,ITA,2009,0.5,2009,0.718,0.764
IMF,pcpi_pch,ITA,2009,1,2010,0.937,1.639
IMF,pcpi_pch,ITA,2009,1.5,2010,0.631,1.639
IMF,pcpi_pch,ITA,2010,0,2010,1.627,1.639
IMF,pcpi_pch,ITA,2010,0.5,2010,1.4,1.639
IMF,pcpi_pch,ITA,2010,1,2011,1.689,2.902
IMF,pcpi_pch,ITA,2010,1.5,2011,1.7,2.902
IMF,pcpi_pch,ITA,2011,0,2011,2.613,2.902
IMF,pcpi_pch,ITA,2011,0.5,2011,1.954,2.902
IMF,pcpi_pch,ITA,2011,1,2012,1.644,3.304
IMF,pcpi_pch,ITA,2011,1.5,2012,2.13,3.304
IMF,pcpi_pch,ITA,2012,0,2012,3.014,3.304
IMF,pcpi_pch,ITA,2012,0.5,2012,2.498,3.304
IMF,pcpi_pch,ITA,2012,1,2013,1.813,1.283
IMF,pcpi_pch,ITA,2012,1.5,2013,1.837,1.283
IMF,pcpi_pch,ITA,2013,0,2013,1.616,1.283
IMF,pcpi_pch,ITA,2013,0.5,2013,1.987,1.283
IMF,pcpi_pch,ITA,2013,1,2014,1.284,0.217
IMF,pcpi_pch,ITA,2013,1.5,2014,1.433,0.217
IMF,pcpi_pch,ITA,2014,0,2014,0.095,0.217
IMF,pcpi_pch,ITA,2014,0.5,2014,0.65,0.217
IMF,pcpi_pch,ITA,2014,1,2015,0.461,0.108
IMF,pcpi_pch,ITA,2014,1.5,2015,1.033,0.108
IMF,pcpi_pch,ITA,2015,0,2015,0.2,0.108
IMF,pcpi_pch,ITA,2015,0.5,2015,0.002,0.108
IMF,pcpi_pch,ITA,2015,1,2016,0.667,-0.05
IMF,pcpi_pch,ITA,2015,1.5,2016,0.822,-0.05
IMF,pcpi_pch,ITA,2016,0,2016,-0.05,-0.05
IMF,pcpi_pch,ITA,2016,0.5,2016,0.166,-0.05
IMF,pcpi_pch,ITA,2016,1,2017,0.458,1.326
IMF,pcpi_pch,ITA,2016,1.5,2017,0.702,1.326
IMF,pcpi_pch,ITA,2017,0,2017,1.408,1.326
IMF,pcpi_pch,ITA,2017,0.5,2017,1.256,1.326
IMF,pcpi_pch,ITA,2017,1,2018,1.153,1.243
IMF,pcpi_pch,ITA,2017,1.5,2018,1.299,1.243
IMF,pcpi_pch,ITA,2018,0,2018,1.347,1.243
IMF,pcpi_pch,ITA,2018,0.5,2018,1.092,1.243
IMF,pcpi_pch,ITA,2018,1,2019,1.416,0.634
IMF,pcpi_pch,ITA,2018,1.5,2019,1.309,0.634
IMF,pcpi_pch,ITA,2019,0,2019,0.74,0.634
IMF,pcpi_pch,ITA,2019,0.5,2019,0.758,0.634
IMF,pcpi_pch,ITA,2019,1,2020,1.036,-0.145
IMF,pcpi_pch,ITA,2019,1.5,2020,1.192,-0.145
IMF,pcpi_pch,ITA,2020,0,2020,0.13,-0.145
IMF,pcpi_pch,ITA,2020,0.5,2020,0.24,-0.145
IMF,pcpi_pch,ITA,2020,1,2021,0.607,1.941
IMF,pcpi_pch,ITA,2020,1.5,2021,0.655,1.941
IMF,pcpi_pch,ITA,2021,0,2021,1.659,1.941
IMF,pcpi_pch,ITA,2021,0.5,2021,0.76,1.941
IMF,pcpi_pch,ITA,2021,1,2022,1.788,8.736
IMF,pcpi_pch,ITA,2021,1.5,2022,0.882,8.736
IMF,pcpi_pch,ITA,2022,0,2022,8.744,8.736
IMF,pcpi_pch,ITA,2022,0.5,2022,5.297,8.736
IMF,pcpi_pch,ITA,2022,1,2023,5.212,5.903
IMF,pcpi_pch,ITA,2022,1.5,2023,2.498,5.903
IMF,pcpi_pch,ITA,2023,0,2023,5.986,5.903
IMF,pcpi_pch,ITA,2023,0.5,2023,4.452,5.903
IMF,pcpi_pch,ITA,2023,1,2024,2.608,1.089
IMF,pcpi_pch,ITA,2023,1.5,2024,2.571,1.089
IMF,pcpi_pch,ITA,2024,0,2024,1.265,1.089
IMF,pcpi_pch,ITA,2024,0.5,2024,1.673,1.089
IMF,pcpi_pch,ITA,2024,1,2025,2.142,
IMF,pcpi_pch,ITA,2024,1.5,2025,2,
IMF,pcpi_pch,ITA,2025,0,2025,1.657,
IMF,pcpi_pch,ITA,2025,1,2026,2.014,
IMF,pcpi_pch,JPN,1990,0,1990,2.844,3.134
IMF,pcpi_pch,JPN,1990,0.5,1990,2.328,3.134
IMF,pcpi_pch,JPN,1990,1,1991,2.318,3.267
IMF,pcpi_pch,JPN,1990,1.5,1991,1.268,3.267
IMF,pcpi_pch,JPN,1991,0,1991,3.443,3.267
IMF,pcpi_pch,JPN,1991,0.5,1991,3.973,3.267
IMF,pcpi_pch,JPN,1991,1,1992,2.704,1.727
IMF,pcpi_pch,JPN,1991,1.5,1992,3.188,1.727
IMF,pcpi_pch,JPN,1992,0,1992,2.179,1.727
IMF,pcpi_pch,JPN,1992,0.5,1992,2.162,1.727
IMF,pcpi_pch,JPN,1992,1,1993,2.4,1.261
IMF,pcpi_pch,JPN,1992,1.5,1993,2.422,1.261
IMF,pcpi_pch,JPN,1993,0,1993,1.213,1.261
IMF,pcpi_pch,JPN,1993,0.5,1993,1.015,1.261
IMF,pcpi_pch,JPN,1993,1,1994,0.766,0.697
IMF,pcpi_pch,JPN,1993,1.5,1994,1.484,0.697
IMF,pcpi_pch,JPN,1994,0,1994,0.654,0.697
IMF,pcpi_pch,JPN,1994,0.5,1994,0.931,0.697
IMF,pcpi_pch,JPN,1994,1,1995,0.677,-0.066
IMF,pcpi_pch,JPN,1994,1.5,1995,0.903,-0.066
IMF,pcpi_pch,JPN,1995,0,1995,-0.156,-0.066
IMF,pcpi_pch,JPN,1995,0.5,1995,0.306,-0.066
IMF,pcpi_pch,JPN,1995,1,1996,0.13,0.117
IMF,pcpi_pch,JPN,1995,1.5,1996,0.74,0.117
IMF,pcpi_pch,JPN,1996,0,1996,0.153,0.117
IMF,pcpi_pch,JPN,1996,0.5,1996,0.375,0.117
IMF,pcpi_pch,JPN,1996,1,1997,1.348,1.714
IMF,pcpi_pch,JPN,1996,1.5,1997,1.348,1.714
IMF,pcpi_pch,JPN,1997,0,1997,1.595,1.714
IMF,pcpi_pch,JPN,1997,0.5,1997,1.313,1.714
IMF,pcpi_pch,JPN,1997,1,1998,0.684,0.63
IMF,pcpi_pch,JPN,1997,1.5,1998,1.203,0.63
IMF,pcpi_pch,JPN,1998,0,1998,0.381,0.63
IMF,pcpi_pch,JPN,1998,0.5,1998,0.853,0.63
IMF,pcpi_pch,JPN,1998,1,1999,-0.515,-0.325
IMF,pcpi_pch,JPN,1998,1.5,1999,0.393,-0.325
IMF,pcpi_pch,JPN,1999,0,1999,-0.4,-0.325
IMF,pcpi_pch,JPN,1999,0.5,1999,-0.197,-0.325
IMF,pcpi_pch,JPN,1999,1,2000,-0.006,-0.636
IMF,pcpi_pch,JPN,1999,1.5,2000,-0.176,-0.636
IMF,pcpi_pch,JPN,2000,0,2000,-0.21,-0.636
IMF,pcpi_pch,JPN,2000,0.5,2000,0.078,-0.636
IMF,pcpi_pch,JPN,2000,1,2001,0.501,-0.725
IMF,pcpi_pch,JPN,2000,1.5,2001,0.903,-0.725
IMF,pcpi_pch,JPN,2001,0,2001,-0.709,-0.725
IMF,pcpi_pch,JPN,2001,0.5,2001,-0.662,-0.725
IMF,pcpi_pch,JPN,2001,1,2002,-0.699,-0.882
IMF,pcpi_pch,JPN,2001,1.5,2002,0.025,-0.882
IMF,pcpi_pch,JPN,2002,0,2002,-1.02,-0.882
IMF,pcpi_pch,JPN,2002,0.5,2002,-1.143,-0.882
IMF,pcpi_pch,JPN,2002,1,2003,-0.632,-0.246
IMF,pcpi_pch,JPN,2002,1.5,2003,-0.474,-0.246
IMF,pcpi_pch,JPN,2003,0,2003,-0.273,-0.246
IMF,pcpi_pch,JPN,2003,0.5,2003,-0.664,-0.246
IMF,pcpi_pch,JPN,2003,1,2004,-0.557,0.008
IMF,pcpi_pch,JPN,2003,1.5,2004,-0.599,0.008
IMF,pcpi_pch,JPN,2004,0,2004,-0.197,0.008
IMF,pcpi_pch,JPN,2004,0.5,2004,-0.37,0.008
IMF,pcpi_pch,JPN,2004,1,2005,-0.062,-0.572
IMF,pcpi_pch,JPN,2004,1.5,2005,-0.063,-0.572
IMF,pcpi_pch,JPN,2005,0,2005,-0.376,-0.572
IMF,pcpi_pch,JPN,2005,0.5,2005,-0.191,-0.572
IMF,pcpi_pch,JPN,2005,1,2006,-0.088,0.3
IMF,pcpi_pch,JPN,2005,1.5,2006,-0.038,0.3
IMF,pcpi_pch,JPN,2006,0,2006,0.267,0.3
IMF,pcpi_pch,JPN,2006,0.5,2006,0.334,0.3
IMF,pcpi_pch,JPN,2006,1,2007,0.727,0
IMF,pcpi_pch,JPN,2006,1.5,2007,0.624,0
IMF,pcpi_pch,JPN,2007,0,2007,0.009,0
IMF,pcpi_pch,JPN,2007,0.5,2007,0.25,0
IMF,pcpi_pch,JPN,2007,1,2008,0.472,1.396
IMF,pcpi_pch,JPN,2007,1.5,2008,0.802,1.396
IMF,pcpi_pch,JPN,2008,0,2008,1.572,1.396
IMF,pcpi_pch,JPN,2008,0.5,2008,0.62,1.396
IMF,pcpi_pch,JPN,2008,1,2009,0.882,-1.377
IMF,pcpi_pch,JPN,2008,1.5,2009,1.271,-1.377
IMF,pcpi_pch,JPN,2009,0,2009,-1.134,-1.377
IMF,pcpi_pch,JPN,2009,0.5,2009,-1.018,-1.377
IMF,pcpi_pch,JPN,2009,1,2010,-0.782,-0.72
IMF,pcpi_pch,JPN,2009,1.5,2010,-0.553,-0.72
IMF,pcpi_pch,JPN,2010,0,2010,-0.99,-0.72
IMF,pcpi_pch,JPN,2010,0.5,2010,-1.407,-0.72
IMF,pcpi_pch,JPN,2010,1,2011,-0.324,-0.287
IMF,pcpi_pch,JPN,2010,1.5,2011,-0.474,-0.287
IMF,pcpi_pch,JPN,2011,0,2011,-0.37,-0.287
IMF,pcpi_pch,JPN,2011,0.5,2011,0.156,-0.287
IMF,pcpi_pch,JPN,2011,1,2012,-0.48,-0.038
IMF,pcpi_pch,JPN,2011,1.5,2012,0.244,-0.038
IMF,pcpi_pch,JPN,2012,0,2012,0.042,-0.038
IMF,pcpi_pch,JPN,2012,0.5,2012,-0.002,-0.038
IMF,pcpi_pch,JPN,2012,1,2013,-0.172,0.357
IMF,pcpi_pch,JPN,2012,1.5,2013,0.04,0.357
IMF,pcpi_pch,JPN,2013,0,2013,0.045,0.357
IMF,pcpi_pch,JPN,2013,0.5,2013,0.062,0.357
IMF,pcpi_pch,JPN,2013,1,2014,2.852,2.748
IMF,pcpi_pch,JPN,2013,1.5,2014,2.967,2.748
IMF,pcpi_pch,JPN,2014,0,2014,2.655,2.748
IMF,pcpi_pch,JPN,2014,0.5,2014,2.802,2.748
IMF,pcpi_pch,JPN,2014,1,2015,2.035,0.792
IMF,pcpi_pch,JPN,2014,1.5,2015,1.688,0.792
IMF,pcpi_pch,JPN,2015,0,2015,0.727,0.792
IMF,pcpi_pch,JPN,2015,0.5,2015,1.011,0.792
IMF,pcpi_pch,JPN,2015,1,2016,0.44,-0.114
IMF,pcpi_pch,JPN,2015,1.5,2016,0.876,-0.114
IMF,pcpi_pch,JPN,2016,0,2016,-0.162,-0.114
IMF,pcpi_pch,JPN,2016,0.5,2016,-0.185,-0.114
IMF,pcpi_pch,JPN,2016,1,2017,0.494,0.468
IMF,pcpi_pch,JPN,2016,1.5,2017,1.216,0.468
IMF,pcpi_pch,JPN,2017,0,2017,0.365,0.468
IMF,pcpi_pch,JPN,2017,0.5,2017,1.005,0.468
IMF,pcpi_pch,JPN,2017,1,2018,0.545,0.979
IMF,pcpi_pch,JPN,2017,1.5,2018,0.644,0.979
IMF,pcpi_pch,JPN,2018,0,2018,1.2,0.979
IMF,pcpi_pch,JPN,2018,0.5,2018,1.115,0.979
IMF,pcpi_pch,JPN,2018,1,2019,1.315,0.477
IMF,pcpi_pch,JPN,2018,1.5,2019,1.103,0.477
IMF,pcpi_pch,JPN,2019,0,2019,0.985,0.477
IMF,pcpi_pch,JPN,2019,0.5,2019,1.067,0.477
IMF,pcpi_pch,JPN,2019,1,2020,1.303,-0.027
IMF,pcpi_pch,JPN,2019,1.5,2020,1.543,-0.027
IMF,pcpi_pch,JPN,2020,0,2020,-0.063,-0.027
IMF,pcpi_pch,JPN,2020,0.5,2020,0.227,-0.027
IMF,pcpi_pch,JPN,2020,1,2021,0.296,-0.235
IMF,pcpi_pch,JPN,2020,1.5,2021,0.379,-0.235
IMF,pcpi_pch,JPN,2021,0,2021,-0.168,-0.235
IMF,pcpi_pch,JPN,2021,0.5,2021,0.137,-0.235
IMF,pcpi_pch,JPN,2021,1,2022,0.538,2.497
IMF,pcpi_pch,JPN,2021,1.5,2022,0.696,2.497
IMF,pcpi_pch,JPN,2022,0,2022,1.989,2.497
IMF,pcpi_pch,JPN,2022,0.5,2022,0.984,2.497
IMF,pcpi_pch,JPN,2022,1,2023,1.392,3.269
IMF,pcpi_pch,JPN,2022,1.5,2023,0.827,3.269
IMF,pcpi_pch,JPN,2023,0,2023,3.214,3.269
IMF,pcpi_pch,JPN,2023,0.5,2023,2.733,3.269
IMF,pcpi_pch,JPN,2023,1,2024,2.885,2.739
IMF,pcpi_pch,JPN,2023,1.5,2024,2.19,2.739
IMF,pcpi_pch,JPN,2024,0,2024,2.233,2.739
IMF,pcpi_pch,JPN,2024,0.5,2024,2.237,2.739
IMF,pcpi_pch,JPN,2024,1,2025,1.988,
IMF,pcpi_pch,JPN,2024,1.5,2025,2.097,
IMF,pcpi_pch,JPN,2025,0,2025,3.287,
IMF,pcpi_pch,JPN,2025,1,2026,2.144,
IMF,pcpi_pch,USA,1990,0,1990,5.085,5.401
IMF,pcpi_pch,USA,1990,0.5,1990,4.556,5.401
IMF,pcpi_pch,USA,1990,1,1991,4.508,4.285
IMF,pcpi_pch,USA,1990,1.5,1991,4.19,4.285
IMF,pcpi_pch,USA,1991,0,1991,4.528,4.285
IMF,pcpi_pch,USA,1991,0.5,1991,4.897,4.285
IMF,pcpi_pch,USA,1991,1,1992,4.05,3.033
IMF,pcpi_pch,USA,1991,1.5,1992,4,3.033
IMF,pcpi_pch,USA,1992,0,1992,3.106,3.033
IMF,pcpi_pch,USA,1992,0.5,1992,3.107,3.033
IMF,pcpi_pch,USA,1992,1,1993,3.13,2.962
IMF,pcpi_pch,USA,1992,1.5,1993,3.072,2.962
IMF,pcpi_pch,USA,1993,0,1993,3.033,2.962
IMF,pcpi_pch,USA,1993,0.5,1993,3.034,2.962
IMF,pcpi_pch,USA,1993,1,1994,2.848,2.606
IMF,pcpi_pch,USA,1993,1.5,1994,3.119,2.606
IMF,pcpi_pch,USA,1994,0,1994,2.681,2.606
IMF,pcpi_pch,USA,1994,0.5,1994,2.773,2.606
IMF,pcpi_pch,USA,1994,1,1995,3.391,2.809
IMF,pcpi_pch,USA,1994,1.5,1995,3.207,2.809
IMF,pcpi_pch,USA,1995,0,1995,2.975,2.809
IMF,pcpi_pch,USA,1995,0.5,1995,3.07,2.809
IMF,pcpi_pch,USA,1995,1,1996,3.225,2.935
IMF,pcpi_pch,USA,1995,1.5,1996,3.528,2.935
IMF,pcpi_pch,USA,1996,0,1996,2.839,2.935
IMF,pcpi_pch,USA,1996,0.5,1996,2.649,2.935
IMF,pcpi_pch,USA,1996,1,1997,2.843,2.331
IMF,pcpi_pch,USA,1996,1.5,1997,2.988,2.331
IMF,pcpi_pch,USA,1997,0,1997,2.428,2.331
IMF,pcpi_pch,USA,1997,0.5,1997,2.908,2.331
IMF,pcpi_pch,USA,1997,1,1998,2.756,1.562
IMF,pcpi_pch,USA,1997,1.5,1998,2.999,1.562
IMF,pcpi_pch,USA,1998,0,1998,1.643,1.562
IMF,pcpi_pch,USA,1998,0.5,1998,1.973,1.562
IMF,pcpi_pch,USA,1998,1,1999,2.281,2.181
IMF,pcpi_pch,USA,1998,1.5,1999,2.395,2.181
IMF,pcpi_pch,USA,1999,0,1999,2.169,2.181
IMF,pcpi_pch,USA,1999,0.5,1999,2.081,2.181
IMF,pcpi_pch,USA,1999,1,2000,2.452,3.37
IMF,pcpi_pch,USA,1999,1.5,2000,2.425,3.37
IMF,pcpi_pch,USA,2000,0,2000,3.204,3.37
IMF,pcpi_pch,USA,2000,0.5,2000,2.536,3.37
IMF,pcpi_pch,USA,2000,1,2001,2.566,2.826
IMF,pcpi_pch,USA,2000,1.5,2001,2.488,2.826
IMF,pcpi_pch,USA,2001,0,2001,3.191,2.826
IMF,pcpi_pch,USA,2001,0.5,2001,2.625,2.826
IMF,pcpi_pch,USA,2001,1,2002,2.21,1.577
IMF,pcpi_pch,USA,2001,1.5,2002,2.163,1.577
IMF,pcpi_pch,USA,2002,0,2002,1.52,1.577
IMF,pcpi_pch,USA,2002,0.5,2002,1.412,1.577
IMF,pcpi_pch,USA,2002,1,2003,2.338,2.27
IMF,pcpi_pch,USA,2002,1.5,2003,2.432,2.27
IMF,pcpi_pch,USA,2003,0,2003,2.148,2.27
IMF,pcpi_pch,USA,2003,0.5,2003,2.27,2.27
IMF,pcpi_pch,USA,2003,1,2004,1.337,2.682
IMF,pcpi_pch,USA,2003,1.5,2004,2.288,2.682
IMF,pcpi_pch,USA,2004,0,2004,2.962,2.682
IMF,pcpi_pch,USA,2004,0.5,2004,2.337,2.682
IMF,pcpi_pch,USA,2004,1,2005,2.992,3.384
IMF,pcpi_pch,USA,2004,1.5,2005,2.174,3.384
IMF,pcpi_pch,USA,2005,0,2005,3.119,3.384
IMF,pcpi_pch,USA,2005,0.5,2005,2.746,3.384
IMF,pcpi_pch,USA,2005,1,2006,2.838,3.239
IMF,pcpi_pch,USA,2005,1.5,2006,2.388,3.239
IMF,pcpi_pch,USA,2006,0,2006,3.598,3.239
IMF,pcpi_pch,USA,2006,0.5,2006,3.197,3.239
IMF,pcpi_pch,USA,2006,1,2007,2.857,2.858
IMF,pcpi_pch,USA,2006,1.5,2007,2.537,2.858
IMF,pcpi_pch,USA,2007,0,2007,2.734,2.858
IMF,pcpi_pch,USA,2007,0.5,2007,1.912,2.858
IMF,pcpi_pch,USA,2007,1,2008,2.312,3.798
IMF,pcpi_pch,USA,2007,1.5,2008,2.509,3.798
IMF,pcpi_pch,USA,2008,0,2008,4.224,3.798
IMF,pcpi_pch,USA,2008,0.5,2008,3.018,3.798
IMF,pcpi_pch,USA,2008,1,2009,1.844,-0.324
IMF,pcpi_pch,USA,2008,1.5,2009,1.988,-0.324
IMF,pcpi_pch,USA,2009,0,2009,-0.391,-0.324
IMF,pcpi_pch,USA,2009,0.5,2009,-0.935,-0.324
IMF,pcpi_pch,USA,2009,1,2010,1.722,1.646
IMF,pcpi_pch,USA,2009,1.5,2010,-0.084,1.646
IMF,pcpi_pch,USA,2010,0,2010,1.417,1.646
IMF,pcpi_pch,USA,2010,0.5,2010,2.135,1.646
IMF,pcpi_pch,USA,2010,1,2011,0.958,3.142
IMF,pcpi_pch,USA,2010,1.5,2011,1.737,3.142
IMF,pcpi_pch,USA,2011,0,2011,2.987,3.142
IMF,pcpi_pch,USA,2011,0.5,2011,2.173,3.142
IMF,pcpi_pch,USA,2011,1,2012,1.209,2.076
IMF,pcpi_pch,USA,2011,1.5,2012,1.605,2.076
IMF,pcpi_pch,USA,2012,0,2012,1.967,2.076
IMF,pcpi_pch,USA,2012,0.5,2012,2.099,2.076
IMF,pcpi_pch,USA,2012,1,2013,1.769,1.464
IMF,pcpi_pch,USA,2012,1.5,2013,1.869,1.464
IMF,pcpi_pch,USA,2013,0,2013,1.392,1.464
IMF,pcpi_pch,USA,2013,0.5,2013,1.828,1.464
IMF,pcpi_pch,USA,2013,1,2014,1.511,1.61
IMF,pcpi_pch,USA,2013,1.5,2014,1.713,1.61
IMF,pcpi_pch,USA,2014,0,2014,1.976,1.61
IMF,pcpi_pch,USA,2014,0.5,2014,1.402,1.61
IMF,pcpi_pch,USA,2014,1,2015,2.126,0.118
IMF,pcpi_pch,USA,2014,1.5,2015,1.604,0.118
IMF,pcpi_pch,USA,2015,0,2015,0.093,0.118
IMF,pcpi_pch,USA,2015,0.5,2015,0.104,0.118
IMF,pcpi_pch,USA,2015,1,2016,1.149,1.275
IMF,pcpi_pch,USA,2015,1.5,2016,1.486,1.275
IMF,pcpi_pch,USA,2016,0,2016,1.188,1.275
IMF,pcpi_pch,USA,2016,0.5,2016,0.817,1.275
IMF,pcpi_pch,USA,2016,1,2017,2.336,2.139
IMF,pcpi_pch,USA,2016,1.5,2017,1.538,2.139
IMF,pcpi_pch,USA,2017,0,2017,2.106,2.139
IMF,pcpi_pch,USA,2017,0.5,2017,2.654,2.139
IMF,pcpi_pch,USA,2017,1,2018,2.126,2.435
IMF,pcpi_pch,USA,2017,1.5,2018,2.381,2.435
IMF,pcpi_pch,USA,2018,0,2018,2.404,2.435
IMF,pcpi_pch,USA,2018,0.5,2018,2.544,2.435
IMF,pcpi_pch,USA,2018,1,2019,2.147,1.812
IMF,pcpi_pch,USA,2018,1.5,2019,2.436,1.812
IMF,pcpi_pch,USA,2019,0,2019,1.818,1.812
IMF,pcpi_pch,USA,2019,0.5,2019,1.998,1.812
IMF,pcpi_pch,USA,2019,1,2020,2.266,1.248
IMF,pcpi_pch,USA,2019,1.5,2020,2.733,1.248
IMF,pcpi_pch,USA,2020,0,2020,1.52,1.248
IMF,pcpi_pch,USA,2020,0.5,2020,0.62,1.248
IMF,pcpi_pch,USA,2020,1,2021,2.765,4.685
IMF,pcpi_pch,USA,2020,1.5,2021,2.238,4.685
IMF,pcpi_pch,USA,2021,0,2021,4.284,4.685
IMF,pcpi_pch,USA,2021,0.5,2021,2.264,4.685
IMF,pcpi_pch,USA,2021,1,2022,3.456,7.986
IMF,pcpi_pch,USA,2021,1.5,2022,2.4,7.986
IMF,pcpi_pch,USA,2022,0,2022,8.052,7.986
IMF,pcpi_pch,USA,2022,0.5,2022,7.682,7.986
IMF,pcpi_pch,USA,2022,1,2023,3.506,4.128
IMF,pcpi_pch,USA,2022,1.5,2023,2.856,4.128
IMF,pcpi_pch,USA,2023,0,2023,4.084,4.128
IMF,pcpi_pch,USA,2023,0.5,2023,4.519,4.128
IMF,pcpi_pch,USA,2023,1,2024,2.759,2.952
IMF,pcpi_pch,USA,2023,1.5,2024,2.318,2.952
IMF,pcpi_pch,USA,2024,0,2024,2.987,2.952
IMF,pcpi_pch,USA,2024,0.5,2024,2.907,2.952
IMF,pcpi_pch,USA,2024,1,2025,1.852,
IMF,pcpi_pch,USA,2024,1.5,2025,2,
IMF,pcpi_pch,USA,2025,0,2025,2.715,
IMF,pcpi_pch,USA,2025,1,2026,2.435,
