target_year,target,horizon,method,error_method,source,score
2013,ngdp_rpch,0,rolling window,absolute,IMF,0.350376245949182
2014,ngdp_rpch,0,rolling window,absolute,IMF,0.341751727366426
2015,ngdp_rpch,0,rolling window,absolute,IMF,0.315031662575807
2016,ngdp_rpch,0,rolling window,absolute,IMF,0.290362171757027
2017,ngdp_rpch,0,rolling window,absolute,IMF,0.409639114826408
2018,ngdp_rpch,0,rolling window,absolute,IMF,0.299365859971613
2019,ngdp_rpch,0,rolling window,absolute,IMF,0.352083264296356
2020,ngdp_rpch,0,rolling window,absolute,IMF,1.80255541618889
2021,ngdp_rpch,0,rolling window,absolute,IMF,1.15801925278575
2022,ngdp_rpch,0,rolling window,absolute,IMF,0.364382499350879
2023,ngdp_rpch,0,rolling window,absolute,IMF,0.26973708581502
2013,ngdp_rpch,0.5,rolling window,absolute,IMF,0.511319016624452
2014,ngdp_rpch,0.5,rolling window,absolute,IMF,0.396924562651058
2015,ngdp_rpch,0.5,rolling window,absolute,IMF,0.481266489384338
2016,ngdp_rpch,0.5,rolling window,absolute,IMF,0.355368437113225
2017,ngdp_rpch,0.5,rolling window,absolute,IMF,0.577097165076933
2018,ngdp_rpch,0.5,rolling window,absolute,IMF,0.405436453392689
2019,ngdp_rpch,0.5,rolling window,absolute,IMF,0.40117502159667
2020,ngdp_rpch,0.5,rolling window,absolute,IMF,1.55280781495181
2021,ngdp_rpch,0.5,rolling window,absolute,IMF,1.79073535019247
2022,ngdp_rpch,0.5,rolling window,absolute,IMF,0.740332712044151
2023,ngdp_rpch,0.5,rolling window,absolute,IMF,0.391578571612752
2013,ngdp_rpch,1,rolling window,absolute,IMF,0.620908786400926
2014,ngdp_rpch,1,rolling window,absolute,IMF,0.662472217370383
2015,ngdp_rpch,1,rolling window,absolute,IMF,0.684387411200214
2016,ngdp_rpch,1,rolling window,absolute,IMF,0.540855697228462
2017,ngdp_rpch,1,rolling window,absolute,IMF,0.699334625515605
2018,ngdp_rpch,1,rolling window,absolute,IMF,0.511515126143806
2019,ngdp_rpch,1,rolling window,absolute,IMF,0.564709715660425
2020,ngdp_rpch,1,rolling window,absolute,IMF,5.98139530426079
2021,ngdp_rpch,1,rolling window,absolute,IMF,1.77301872555041
2022,ngdp_rpch,1,rolling window,absolute,IMF,1.18646682105128
2023,ngdp_rpch,1,rolling window,absolute,IMF,0.600252324906509
2013,ngdp_rpch,1.5,rolling window,absolute,IMF,0.794491982489783
2014,ngdp_rpch,1.5,rolling window,absolute,IMF,0.881736977550256
2015,ngdp_rpch,1.5,rolling window,absolute,IMF,0.758023084302597
2016,ngdp_rpch,1.5,rolling window,absolute,IMF,0.706785509014908
2017,ngdp_rpch,1.5,rolling window,absolute,IMF,0.747531144461065
2018,ngdp_rpch,1.5,rolling window,absolute,IMF,0.589231456482035
2019,ngdp_rpch,1.5,rolling window,absolute,IMF,0.653813313248738
2020,ngdp_rpch,1.5,rolling window,absolute,IMF,5.84374980076478
2021,ngdp_rpch,1.5,rolling window,absolute,IMF,2.23145468807543
2022,ngdp_rpch,1.5,rolling window,absolute,IMF,0.753596769918563
2023,ngdp_rpch,1.5,rolling window,absolute,IMF,0.860769518178359
2013,pcpi_pch,0,rolling window,absolute,IMF,0.169127221862185
2014,pcpi_pch,0,rolling window,absolute,IMF,0.113345790311357
2015,pcpi_pch,0,rolling window,absolute,IMF,0.124227986053838
2016,pcpi_pch,0,rolling window,absolute,IMF,0.0994960328352762
2017,pcpi_pch,0,rolling window,absolute,IMF,0.0992191836997842
2018,pcpi_pch,0,rolling window,absolute,IMF,0.124902241357688
2019,pcpi_pch,0,rolling window,absolute,IMF,0.135500531271938
2020,pcpi_pch,0,rolling window,absolute,IMF,0.150990345232976
2021,pcpi_pch,0,rolling window,absolute,IMF,0.152414541050273
2022,pcpi_pch,0,rolling window,absolute,IMF,0.841993311020818
2023,pcpi_pch,0,rolling window,absolute,IMF,0.426464145849621
2013,pcpi_pch,0.5,rolling window,absolute,IMF,0.322506884767081
2014,pcpi_pch,0.5,rolling window,absolute,IMF,0.273478818213374
2015,pcpi_pch,0.5,rolling window,absolute,IMF,0.209840778834305
2016,pcpi_pch,0.5,rolling window,absolute,IMF,0.196267032912274
2017,pcpi_pch,0.5,rolling window,absolute,IMF,0.277266331146222
2018,pcpi_pch,0.5,rolling window,absolute,IMF,0.205183580456221
2019,pcpi_pch,0.5,rolling window,absolute,IMF,0.211841712434269
2020,pcpi_pch,0.5,rolling window,absolute,IMF,0.193196012657793
2021,pcpi_pch,0.5,rolling window,absolute,IMF,1.01466868087918
2022,pcpi_pch,0.5,rolling window,absolute,IMF,0.831877773816917
2023,pcpi_pch,0.5,rolling window,absolute,IMF,0.300228739114009
2013,pcpi_pch,1,rolling window,absolute,IMF,0.409427439305547
2014,pcpi_pch,1,rolling window,absolute,IMF,0.42918186985782
2015,pcpi_pch,1,rolling window,absolute,IMF,0.718790187086799
2016,pcpi_pch,1,rolling window,absolute,IMF,0.379489030691364
2017,pcpi_pch,1,rolling window,absolute,IMF,0.362452742479832
2018,pcpi_pch,1,rolling window,absolute,IMF,0.368766614466248
2019,pcpi_pch,1,rolling window,absolute,IMF,0.408791759682351
2020,pcpi_pch,1,rolling window,absolute,IMF,0.761383532255337
2021,pcpi_pch,1,rolling window,absolute,IMF,1.07696181216132
2022,pcpi_pch,1,rolling window,absolute,IMF,4.20395159306745
2023,pcpi_pch,1,rolling window,absolute,IMF,0.74267631929616
2013,pcpi_pch,1.5,rolling window,absolute,IMF,0.466404422431967
2014,pcpi_pch,1.5,rolling window,absolute,IMF,0.462921522203919
2015,pcpi_pch,1.5,rolling window,absolute,IMF,0.671066934941897
2016,pcpi_pch,1.5,rolling window,absolute,IMF,0.471744667031669
2017,pcpi_pch,1.5,rolling window,absolute,IMF,0.431563035876003
2018,pcpi_pch,1.5,rolling window,absolute,IMF,0.398636483728506
2019,pcpi_pch,1.5,rolling window,absolute,IMF,0.408018306766308
2020,pcpi_pch,1.5,rolling window,absolute,IMF,0.842861082858919
2021,pcpi_pch,1.5,rolling window,absolute,IMF,1.07397714108721
2022,pcpi_pch,1.5,rolling window,absolute,IMF,4.80672783856161
2023,pcpi_pch,1.5,rolling window,absolute,IMF,1.66602861842881
2013,ngdp_rpch,0,rolling window,absolute,ar,0.0789924173231727
2014,ngdp_rpch,0,rolling window,absolute,ar,0.0833727646007487
2015,ngdp_rpch,0,rolling window,absolute,ar,0.0826323145948738
2016,ngdp_rpch,0,rolling window,absolute,ar,0.0710241807894497
2017,ngdp_rpch,0,rolling window,absolute,ar,0.0711288416102477
2018,ngdp_rpch,0,rolling window,absolute,ar,0.084154324537782
2019,ngdp_rpch,0,rolling window,absolute,ar,0.188593814858381
2020,ngdp_rpch,0,rolling window,absolute,ar,0.550496596768662
2021,ngdp_rpch,0,rolling window,absolute,ar,0.1368347678651
2022,ngdp_rpch,0,rolling window,absolute,ar,0.112098044082343
2023,ngdp_rpch,0,rolling window,absolute,ar,0.105251373545547
2013,ngdp_rpch,0.5,rolling window,absolute,ar,0.36708431937085
2014,ngdp_rpch,0.5,rolling window,absolute,ar,0.547724074940781
2015,ngdp_rpch,0.5,rolling window,absolute,ar,0.446248437367992
2016,ngdp_rpch,0.5,rolling window,absolute,ar,0.434623711210411
2017,ngdp_rpch,0.5,rolling window,absolute,ar,0.377264830135657
2018,ngdp_rpch,0.5,rolling window,absolute,ar,0.401566435564946
2019,ngdp_rpch,0.5,rolling window,absolute,ar,0.417133198977673
2020,ngdp_rpch,0.5,rolling window,absolute,ar,2.86716904720235
2021,ngdp_rpch,0.5,rolling window,absolute,ar,1.66287514785579
2022,ngdp_rpch,0.5,rolling window,absolute,ar,0.410402161734842
2023,ngdp_rpch,0.5,rolling window,absolute,ar,0.544006645280159
2013,ngdp_rpch,1,rolling window,absolute,ar,0.94289877233943
2014,ngdp_rpch,1,rolling window,absolute,ar,0.914727747076653
2015,ngdp_rpch,1,rolling window,absolute,ar,0.988477269711072
2016,ngdp_rpch,1,rolling window,absolute,ar,0.88937350289507
2017,ngdp_rpch,1,rolling window,absolute,ar,0.79351477722887
2018,ngdp_rpch,1,rolling window,absolute,ar,0.875542905808095
2019,ngdp_rpch,1,rolling window,absolute,ar,0.779206379754187
2020,ngdp_rpch,1,rolling window,absolute,ar,6.87900962109542
2021,ngdp_rpch,1,rolling window,absolute,ar,2.14346831598339
2022,ngdp_rpch,1,rolling window,absolute,ar,0.654322345319478
2023,ngdp_rpch,1,rolling window,absolute,ar,0.993111405526655
2013,ngdp_rpch,1.5,rolling window,absolute,ar,1.23678334126481
2014,ngdp_rpch,1.5,rolling window,absolute,ar,1.01021800430385
2015,ngdp_rpch,1.5,rolling window,absolute,ar,1.02931539998211
2016,ngdp_rpch,1.5,rolling window,absolute,ar,1.05085930438661
2017,ngdp_rpch,1.5,rolling window,absolute,ar,0.875742771089246
2018,ngdp_rpch,1.5,rolling window,absolute,ar,0.952164924495651
2019,ngdp_rpch,1.5,rolling window,absolute,ar,0.99440975412562
2020,ngdp_rpch,1.5,rolling window,absolute,ar,7.04112335482046
2021,ngdp_rpch,1.5,rolling window,absolute,ar,3.99313459223384
2022,ngdp_rpch,1.5,rolling window,absolute,ar,0.948373327068785
2023,ngdp_rpch,1.5,rolling window,absolute,ar,1.18291643808619
2013,pcpi_pch,0,rolling window,absolute,ar,0.0891272398696823
2014,pcpi_pch,0,rolling window,absolute,ar,0.107152698651909
2015,pcpi_pch,0,rolling window,absolute,ar,0.0996763078528188
2016,pcpi_pch,0,rolling window,absolute,ar,0.0770459751646283
2017,pcpi_pch,0,rolling window,absolute,ar,0.0723788727033972
2018,pcpi_pch,0,rolling window,absolute,ar,0.0991952139230888
2019,pcpi_pch,0,rolling window,absolute,ar,0.0850520922911434
2020,pcpi_pch,0,rolling window,absolute,ar,0.0926934967159476
2021,pcpi_pch,0,rolling window,absolute,ar,0.0828378140692296
2022,pcpi_pch,0,rolling window,absolute,ar,0.16262438907395
2023,pcpi_pch,0,rolling window,absolute,ar,0.107164597954625
2013,pcpi_pch,0.5,rolling window,absolute,ar,0.279171071964384
2014,pcpi_pch,0.5,rolling window,absolute,ar,0.391309654857009
2015,pcpi_pch,0.5,rolling window,absolute,ar,0.276799913312643
2016,pcpi_pch,0.5,rolling window,absolute,ar,0.304713786968434
2017,pcpi_pch,0.5,rolling window,absolute,ar,0.352545895030533
2018,pcpi_pch,0.5,rolling window,absolute,ar,0.314684574783074
2019,pcpi_pch,0.5,rolling window,absolute,ar,0.351672622129703
2020,pcpi_pch,0.5,rolling window,absolute,ar,0.445981382927217
2021,pcpi_pch,0.5,rolling window,absolute,ar,0.460500185023391
2022,pcpi_pch,0.5,rolling window,absolute,ar,0.825383593133673
2023,pcpi_pch,0.5,rolling window,absolute,ar,0.285443245815446
2013,pcpi_pch,1,rolling window,absolute,ar,0.769515214959628
2014,pcpi_pch,1,rolling window,absolute,ar,0.992224603588018
2015,pcpi_pch,1,rolling window,absolute,ar,1.08021562041611
2016,pcpi_pch,1,rolling window,absolute,ar,0.927024257537053
2017,pcpi_pch,1,rolling window,absolute,ar,0.670884345757366
2018,pcpi_pch,1,rolling window,absolute,ar,0.69747730709129
2019,pcpi_pch,1,rolling window,absolute,ar,0.928786596273527
2020,pcpi_pch,1,rolling window,absolute,ar,1.19273553018132
2021,pcpi_pch,1,rolling window,absolute,ar,0.707825148502089
2022,pcpi_pch,1,rolling window,absolute,ar,2.30570174195523
2023,pcpi_pch,1,rolling window,absolute,ar,0.703723952972419
2013,pcpi_pch,1.5,rolling window,absolute,ar,1.56881098144696
2014,pcpi_pch,1.5,rolling window,absolute,ar,1.2890381681845
2015,pcpi_pch,1.5,rolling window,absolute,ar,1.79424035213477
2016,pcpi_pch,1.5,rolling window,absolute,ar,1.10479636512332
2017,pcpi_pch,1.5,rolling window,absolute,ar,0.99749959031706
2018,pcpi_pch,1.5,rolling window,absolute,ar,1.05716292034922
2019,pcpi_pch,1.5,rolling window,absolute,ar,1.18223725842113
2020,pcpi_pch,1.5,rolling window,absolute,ar,1.26405699536582
2021,pcpi_pch,1.5,rolling window,absolute,ar,1.04357186118985
2022,pcpi_pch,1.5,rolling window,absolute,ar,2.1403069797485
2023,pcpi_pch,1.5,rolling window,absolute,ar,1.3254378872074
2013,ngdp_rpch,0,rolling window,absolute,ar-direct,0.113976913235882
2014,ngdp_rpch,0,rolling window,absolute,ar-direct,0.111017332749738
2015,ngdp_rpch,0,rolling window,absolute,ar-direct,0.108702942764771
2016,ngdp_rpch,0,rolling window,absolute,ar-direct,0.107996121049938
2017,ngdp_rpch,0,rolling window,absolute,ar-direct,0.107157177377609
2018,ngdp_rpch,0,rolling window,absolute,ar-direct,0.106552992267555
2019,ngdp_rpch,0,rolling window,absolute,ar-direct,0.19802088343
2020,ngdp_rpch,0,rolling window,absolute,ar-direct,0.474423440315299
2021,ngdp_rpch,0,rolling window,absolute,ar-direct,0.161134796207879
2022,ngdp_rpch,0,rolling window,absolute,ar-direct,0.159951095110219
2023,ngdp_rpch,0,rolling window,absolute,ar-direct,0.154651795016414
2013,ngdp_rpch,0.5,rolling window,absolute,ar-direct,0.44496835368975
2014,ngdp_rpch,0.5,rolling window,absolute,ar-direct,0.651491325992616
2015,ngdp_rpch,0.5,rolling window,absolute,ar-direct,0.500823368696277
2016,ngdp_rpch,0.5,rolling window,absolute,ar-direct,0.501937445965068
2017,ngdp_rpch,0.5,rolling window,absolute,ar-direct,0.433893214426525
2018,ngdp_rpch,0.5,rolling window,absolute,ar-direct,0.441926395295356
2019,ngdp_rpch,0.5,rolling window,absolute,ar-direct,0.473620569927879
2020,ngdp_rpch,0.5,rolling window,absolute,ar-direct,2.78504481490837
2021,ngdp_rpch,0.5,rolling window,absolute,ar-direct,1.50048659385153
2022,ngdp_rpch,0.5,rolling window,absolute,ar-direct,0.548938394266488
2023,ngdp_rpch,0.5,rolling window,absolute,ar-direct,0.574371717459987
2013,ngdp_rpch,1,rolling window,absolute,ar-direct,1.00057895516666
2014,ngdp_rpch,1,rolling window,absolute,ar-direct,1.01199773317876
2015,ngdp_rpch,1,rolling window,absolute,ar-direct,0.97551773421016
2016,ngdp_rpch,1,rolling window,absolute,ar-direct,0.854760262006895
2017,ngdp_rpch,1,rolling window,absolute,ar-direct,0.782990084692804
2018,ngdp_rpch,1,rolling window,absolute,ar-direct,0.880943522416359
2019,ngdp_rpch,1,rolling window,absolute,ar-direct,0.822747498268202
2020,ngdp_rpch,1,rolling window,absolute,ar-direct,6.87380903730823
2021,ngdp_rpch,1,rolling window,absolute,ar-direct,1.98863958651902
2022,ngdp_rpch,1,rolling window,absolute,ar-direct,0.899335626433705
2023,ngdp_rpch,1,rolling window,absolute,ar-direct,1.03094316343964
2013,ngdp_rpch,1.5,rolling window,absolute,ar-direct,1.26444542545525
2014,ngdp_rpch,1.5,rolling window,absolute,ar-direct,1.09367467581001
2015,ngdp_rpch,1.5,rolling window,absolute,ar-direct,1.02561839955159
2016,ngdp_rpch,1.5,rolling window,absolute,ar-direct,1.05163394919215
2017,ngdp_rpch,1.5,rolling window,absolute,ar-direct,0.871158270194645
2018,ngdp_rpch,1.5,rolling window,absolute,ar-direct,0.946179525858515
2019,ngdp_rpch,1.5,rolling window,absolute,ar-direct,0.997076460467325
2020,ngdp_rpch,1.5,rolling window,absolute,ar-direct,7.01854289209345
2021,ngdp_rpch,1.5,rolling window,absolute,ar-direct,3.82441369109336
2022,ngdp_rpch,1.5,rolling window,absolute,ar-direct,0.98326269056338
2023,ngdp_rpch,1.5,rolling window,absolute,ar-direct,1.13512878119411
2013,pcpi_pch,0,rolling window,absolute,ar-direct,0.115962727883383
2014,pcpi_pch,0,rolling window,absolute,ar-direct,0.130691895015519
2015,pcpi_pch,0,rolling window,absolute,ar-direct,0.131044814538216
2016,pcpi_pch,0,rolling window,absolute,ar-direct,0.108294770091485
2017,pcpi_pch,0,rolling window,absolute,ar-direct,0.112317422516407
2018,pcpi_pch,0,rolling window,absolute,ar-direct,0.121255259478752
2019,pcpi_pch,0,rolling window,absolute,ar-direct,0.11526656002095
2020,pcpi_pch,0,rolling window,absolute,ar-direct,0.107488520329586
2021,pcpi_pch,0,rolling window,absolute,ar-direct,0.0986521872660489
2022,pcpi_pch,0,rolling window,absolute,ar-direct,0.158610308948018
2023,pcpi_pch,0,rolling window,absolute,ar-direct,0.11653021082348
2013,pcpi_pch,0.5,rolling window,absolute,ar-direct,0.418700479494522
2014,pcpi_pch,0.5,rolling window,absolute,ar-direct,0.442320891891128
2015,pcpi_pch,0.5,rolling window,absolute,ar-direct,0.430079232125164
2016,pcpi_pch,0.5,rolling window,absolute,ar-direct,0.448095862125976
2017,pcpi_pch,0.5,rolling window,absolute,ar-direct,0.45468117798782
2018,pcpi_pch,0.5,rolling window,absolute,ar-direct,0.432052719412312
2019,pcpi_pch,0.5,rolling window,absolute,ar-direct,0.467116430315869
2020,pcpi_pch,0.5,rolling window,absolute,ar-direct,0.464677169239219
2021,pcpi_pch,0.5,rolling window,absolute,ar-direct,0.49503644572458
2022,pcpi_pch,0.5,rolling window,absolute,ar-direct,0.770327075681438
2023,pcpi_pch,0.5,rolling window,absolute,ar-direct,0.394964674457095
2013,pcpi_pch,1,rolling window,absolute,ar-direct,0.922008730278385
2014,pcpi_pch,1,rolling window,absolute,ar-direct,1.02087343413344
2015,pcpi_pch,1,rolling window,absolute,ar-direct,1.11786081761113
2016,pcpi_pch,1,rolling window,absolute,ar-direct,1.01622459322022
2017,pcpi_pch,1,rolling window,absolute,ar-direct,0.910880642888963
2018,pcpi_pch,1,rolling window,absolute,ar-direct,0.896282077601299
2019,pcpi_pch,1,rolling window,absolute,ar-direct,0.996900467751055
2020,pcpi_pch,1,rolling window,absolute,ar-direct,1.18828523207382
2021,pcpi_pch,1,rolling window,absolute,ar-direct,0.966221633134291
2022,pcpi_pch,1,rolling window,absolute,ar-direct,1.95190078733782
2023,pcpi_pch,1,rolling window,absolute,ar-direct,0.946685132056622
2013,pcpi_pch,1.5,rolling window,absolute,ar-direct,1.44469889926608
2014,pcpi_pch,1.5,rolling window,absolute,ar-direct,1.3279576716463
2015,pcpi_pch,1.5,rolling window,absolute,ar-direct,1.6715166168743
2016,pcpi_pch,1.5,rolling window,absolute,ar-direct,1.25630423573227
2017,pcpi_pch,1.5,rolling window,absolute,ar-direct,1.1499730465647
2018,pcpi_pch,1.5,rolling window,absolute,ar-direct,1.19337480886366
2019,pcpi_pch,1.5,rolling window,absolute,ar-direct,1.2412705840075
2020,pcpi_pch,1.5,rolling window,absolute,ar-direct,1.37796619934812
2021,pcpi_pch,1.5,rolling window,absolute,ar-direct,1.1049932936087
2022,pcpi_pch,1.5,rolling window,absolute,ar-direct,2.08894179426804
2023,pcpi_pch,1.5,rolling window,absolute,ar-direct,1.44692509544227
2014,ngdp_rpch,0,rolling window,absolute,ar_annual-direct,0.720083943808813
2015,ngdp_rpch,0,rolling window,absolute,ar_annual-direct,0.727898346443449
2016,ngdp_rpch,0,rolling window,absolute,ar_annual-direct,0.673473875616925
2017,ngdp_rpch,0,rolling window,absolute,ar_annual-direct,0.730189766347629
2018,ngdp_rpch,0,rolling window,absolute,ar_annual-direct,0.652691344658124
2019,ngdp_rpch,0,rolling window,absolute,ar_annual-direct,0.64428355913848
2020,ngdp_rpch,0,rolling window,absolute,ar_annual-direct,6.04788842795836
2021,ngdp_rpch,0,rolling window,absolute,ar_annual-direct,6.65684313351228
2022,ngdp_rpch,0,rolling window,absolute,ar_annual-direct,1.7127531748764
2023,ngdp_rpch,0,rolling window,absolute,ar_annual-direct,0.919985501065973
2014,ngdp_rpch,0.5,rolling window,absolute,ar_annual-direct,0.72004558937667
2015,ngdp_rpch,0.5,rolling window,absolute,ar_annual-direct,0.729261436994129
2016,ngdp_rpch,0.5,rolling window,absolute,ar_annual-direct,0.673257793555689
2017,ngdp_rpch,0.5,rolling window,absolute,ar_annual-direct,0.729688799602573
2018,ngdp_rpch,0.5,rolling window,absolute,ar_annual-direct,0.651988628334226
2019,ngdp_rpch,0.5,rolling window,absolute,ar_annual-direct,0.644215347354514
2020,ngdp_rpch,0.5,rolling window,absolute,ar_annual-direct,6.04305950620151
2021,ngdp_rpch,0.5,rolling window,absolute,ar_annual-direct,6.6793665705343
2022,ngdp_rpch,0.5,rolling window,absolute,ar_annual-direct,1.73576715663612
2023,ngdp_rpch,0.5,rolling window,absolute,ar_annual-direct,0.920036968296962
2014,ngdp_rpch,1,rolling window,absolute,ar_annual-direct,0.764792612492964
2015,ngdp_rpch,1,rolling window,absolute,ar_annual-direct,0.750210633799923
2016,ngdp_rpch,1,rolling window,absolute,ar_annual-direct,0.71740380881484
2017,ngdp_rpch,1,rolling window,absolute,ar_annual-direct,0.752270519235845
2018,ngdp_rpch,1,rolling window,absolute,ar_annual-direct,0.68333577817714
2019,ngdp_rpch,1,rolling window,absolute,ar_annual-direct,0.676497615976208
2020,ngdp_rpch,1,rolling window,absolute,ar_annual-direct,6.05658802228965
2021,ngdp_rpch,1,rolling window,absolute,ar_annual-direct,4.43613167636763
2022,ngdp_rpch,1,rolling window,absolute,ar_annual-direct,1.8904376798535
2023,ngdp_rpch,1,rolling window,absolute,ar_annual-direct,0.936675479779016
2014,ngdp_rpch,1.5,rolling window,absolute,ar_annual-direct,0.764663025111845
2015,ngdp_rpch,1.5,rolling window,absolute,ar_annual-direct,0.750320288372416
2016,ngdp_rpch,1.5,rolling window,absolute,ar_annual-direct,0.717249839048049
2017,ngdp_rpch,1.5,rolling window,absolute,ar_annual-direct,0.753466716462688
2018,ngdp_rpch,1.5,rolling window,absolute,ar_annual-direct,0.683137647735739
2019,ngdp_rpch,1.5,rolling window,absolute,ar_annual-direct,0.675744531479926
2020,ngdp_rpch,1.5,rolling window,absolute,ar_annual-direct,6.05132326860355
2021,ngdp_rpch,1.5,rolling window,absolute,ar_annual-direct,4.43812821932318
2022,ngdp_rpch,1.5,rolling window,absolute,ar_annual-direct,1.89910189154113
2023,ngdp_rpch,1.5,rolling window,absolute,ar_annual-direct,0.938974439533968
2014,pcpi_pch,0,rolling window,absolute,ar_annual-direct,0.813775598425539
2015,pcpi_pch,0,rolling window,absolute,ar_annual-direct,0.805089942876615
2016,pcpi_pch,0,rolling window,absolute,ar_annual-direct,0.397419490432392
2017,pcpi_pch,0,rolling window,absolute,ar_annual-direct,0.450154550252334
2018,pcpi_pch,0,rolling window,absolute,ar_annual-direct,0.357422301298177
2019,pcpi_pch,0,rolling window,absolute,ar_annual-direct,0.393676896475605
2020,pcpi_pch,0,rolling window,absolute,ar_annual-direct,0.593441874237494
2021,pcpi_pch,0,rolling window,absolute,ar_annual-direct,1.20980815901282
2022,pcpi_pch,0,rolling window,absolute,ar_annual-direct,4.04694630629203
2023,pcpi_pch,0,rolling window,absolute,ar_annual-direct,0.701605245259218
2014,pcpi_pch,0.5,rolling window,absolute,ar_annual-direct,0.813828438121233
2015,pcpi_pch,0.5,rolling window,absolute,ar_annual-direct,0.805395633371345
2016,pcpi_pch,0.5,rolling window,absolute,ar_annual-direct,0.397280110043437
2017,pcpi_pch,0.5,rolling window,absolute,ar_annual-direct,0.452329187099024
2018,pcpi_pch,0.5,rolling window,absolute,ar_annual-direct,0.35745370357171
2019,pcpi_pch,0.5,rolling window,absolute,ar_annual-direct,0.393675430396742
2020,pcpi_pch,0.5,rolling window,absolute,ar_annual-direct,0.593441988218667
2021,pcpi_pch,0.5,rolling window,absolute,ar_annual-direct,1.20980815901282
2022,pcpi_pch,0.5,rolling window,absolute,ar_annual-direct,4.04694630629203
2023,pcpi_pch,0.5,rolling window,absolute,ar_annual-direct,0.701605245259218
2014,pcpi_pch,1,rolling window,absolute,ar_annual-direct,1.09063358061858
2015,pcpi_pch,1,rolling window,absolute,ar_annual-direct,1.09809264311682
2016,pcpi_pch,1,rolling window,absolute,ar_annual-direct,0.693267720457731
2017,pcpi_pch,1,rolling window,absolute,ar_annual-direct,0.435819680493087
2018,pcpi_pch,1,rolling window,absolute,ar_annual-direct,0.419867944630679
2019,pcpi_pch,1,rolling window,absolute,ar_annual-direct,0.428059234310054
2020,pcpi_pch,1,rolling window,absolute,ar_annual-direct,0.785765444511013
2021,pcpi_pch,1,rolling window,absolute,ar_annual-direct,0.784015448585456
2022,pcpi_pch,1,rolling window,absolute,ar_annual-direct,4.93318034259446
2023,pcpi_pch,1,rolling window,absolute,ar_annual-direct,2.39599684575039
2014,pcpi_pch,1.5,rolling window,absolute,ar_annual-direct,1.08753108894524
2015,pcpi_pch,1.5,rolling window,absolute,ar_annual-direct,1.09810920921168
2016,pcpi_pch,1.5,rolling window,absolute,ar_annual-direct,0.69335907221096
2017,pcpi_pch,1.5,rolling window,absolute,ar_annual-direct,0.435833230334331
2018,pcpi_pch,1.5,rolling window,absolute,ar_annual-direct,0.420452806274382
2019,pcpi_pch,1.5,rolling window,absolute,ar_annual-direct,0.428084311628026
2020,pcpi_pch,1.5,rolling window,absolute,ar_annual-direct,0.785763793373849
2021,pcpi_pch,1.5,rolling window,absolute,ar_annual-direct,0.784015448585456
2022,pcpi_pch,1.5,rolling window,absolute,ar_annual-direct,4.93318034259446
2023,pcpi_pch,1.5,rolling window,absolute,ar_annual-direct,2.39599684575039
2013,ngdp_rpch,0,rolling window,absolute,ar_bic,0.0808107048858543
2014,ngdp_rpch,0,rolling window,absolute,ar_bic,0.0714685544281239
2015,ngdp_rpch,0,rolling window,absolute,ar_bic,0.0776618126741872
2016,ngdp_rpch,0,rolling window,absolute,ar_bic,0.0688860919110358
2017,ngdp_rpch,0,rolling window,absolute,ar_bic,0.0700238895052711
2018,ngdp_rpch,0,rolling window,absolute,ar_bic,0.0784946633985543
2019,ngdp_rpch,0,rolling window,absolute,ar_bic,0.183287618990289
2020,ngdp_rpch,0,rolling window,absolute,ar_bic,0.658949567098883
2021,ngdp_rpch,0,rolling window,absolute,ar_bic,0.13520975087669
2022,ngdp_rpch,0,rolling window,absolute,ar_bic,0.112320346155051
2023,ngdp_rpch,0,rolling window,absolute,ar_bic,0.106634672133847
2013,ngdp_rpch,0.5,rolling window,absolute,ar_bic,0.323682010856619
2014,ngdp_rpch,0.5,rolling window,absolute,ar_bic,0.48746815359474
2015,ngdp_rpch,0.5,rolling window,absolute,ar_bic,0.389600803316703
2016,ngdp_rpch,0.5,rolling window,absolute,ar_bic,0.394270585098296
2017,ngdp_rpch,0.5,rolling window,absolute,ar_bic,0.335005277632759
2018,ngdp_rpch,0.5,rolling window,absolute,ar_bic,0.344814642702221
2019,ngdp_rpch,0.5,rolling window,absolute,ar_bic,0.336109076389757
2020,ngdp_rpch,0.5,rolling window,absolute,ar_bic,2.4952118169981
2021,ngdp_rpch,0.5,rolling window,absolute,ar_bic,1.68532811733417
2022,ngdp_rpch,0.5,rolling window,absolute,ar_bic,0.391323762899256
2023,ngdp_rpch,0.5,rolling window,absolute,ar_bic,0.52832264181863
2013,ngdp_rpch,1,rolling window,absolute,ar_bic,0.783655598194829
2014,ngdp_rpch,1,rolling window,absolute,ar_bic,0.909883647944832
2015,ngdp_rpch,1,rolling window,absolute,ar_bic,0.93597718769993
2016,ngdp_rpch,1,rolling window,absolute,ar_bic,0.803967401677838
2017,ngdp_rpch,1,rolling window,absolute,ar_bic,0.707649976821209
2018,ngdp_rpch,1,rolling window,absolute,ar_bic,0.816339671864516
2019,ngdp_rpch,1,rolling window,absolute,ar_bic,0.712753398871839
2020,ngdp_rpch,1,rolling window,absolute,ar_bic,6.73909012364489
2021,ngdp_rpch,1,rolling window,absolute,ar_bic,2.18167778310123
2022,ngdp_rpch,1,rolling window,absolute,ar_bic,0.595266816359203
2023,ngdp_rpch,1,rolling window,absolute,ar_bic,0.976619245326588
2013,ngdp_rpch,1.5,rolling window,absolute,ar_bic,1.12691031325593
2014,ngdp_rpch,1.5,rolling window,absolute,ar_bic,0.94371858737542
2015,ngdp_rpch,1.5,rolling window,absolute,ar_bic,0.965862189756796
2016,ngdp_rpch,1.5,rolling window,absolute,ar_bic,1.02658883904559
2017,ngdp_rpch,1.5,rolling window,absolute,ar_bic,0.805738212157839
2018,ngdp_rpch,1.5,rolling window,absolute,ar_bic,0.931399688698171
2019,ngdp_rpch,1.5,rolling window,absolute,ar_bic,0.905357510155751
2020,ngdp_rpch,1.5,rolling window,absolute,ar_bic,6.7587319513181
2021,ngdp_rpch,1.5,rolling window,absolute,ar_bic,4.94766967577944
2022,ngdp_rpch,1.5,rolling window,absolute,ar_bic,0.906537204916256
2023,ngdp_rpch,1.5,rolling window,absolute,ar_bic,1.17051219188627
2013,pcpi_pch,0,rolling window,absolute,ar_bic,0.074114751591351
2014,pcpi_pch,0,rolling window,absolute,ar_bic,0.104246749425779
2015,pcpi_pch,0,rolling window,absolute,ar_bic,0.054616941744095
2016,pcpi_pch,0,rolling window,absolute,ar_bic,0.0558582152908209
2017,pcpi_pch,0,rolling window,absolute,ar_bic,0.0542277008398339
2018,pcpi_pch,0,rolling window,absolute,ar_bic,0.0847303737642816
2019,pcpi_pch,0,rolling window,absolute,ar_bic,0.05776654433042
2020,pcpi_pch,0,rolling window,absolute,ar_bic,0.0788097632619267
2021,pcpi_pch,0,rolling window,absolute,ar_bic,0.0884631556249252
2022,pcpi_pch,0,rolling window,absolute,ar_bic,0.155848268188422
2023,pcpi_pch,0,rolling window,absolute,ar_bic,0.165092756417795
2013,pcpi_pch,0.5,rolling window,absolute,ar_bic,0.250658778864282
2014,pcpi_pch,0.5,rolling window,absolute,ar_bic,0.290196371659617
2015,pcpi_pch,0.5,rolling window,absolute,ar_bic,0.298058826398735
2016,pcpi_pch,0.5,rolling window,absolute,ar_bic,0.257591355373243
2017,pcpi_pch,0.5,rolling window,absolute,ar_bic,0.227270728324126
2018,pcpi_pch,0.5,rolling window,absolute,ar_bic,0.204020470940245
2019,pcpi_pch,0.5,rolling window,absolute,ar_bic,0.192145530139463
2020,pcpi_pch,0.5,rolling window,absolute,ar_bic,0.496482885098546
2021,pcpi_pch,0.5,rolling window,absolute,ar_bic,0.85584123149378
2022,pcpi_pch,0.5,rolling window,absolute,ar_bic,0.848957440995564
2023,pcpi_pch,0.5,rolling window,absolute,ar_bic,0.722981788634669
2013,pcpi_pch,1,rolling window,absolute,ar_bic,0.592322134571569
2014,pcpi_pch,1,rolling window,absolute,ar_bic,0.646008180620482
2015,pcpi_pch,1,rolling window,absolute,ar_bic,0.972719060028146
2016,pcpi_pch,1,rolling window,absolute,ar_bic,0.484661914656974
2017,pcpi_pch,1,rolling window,absolute,ar_bic,0.440886274143818
2018,pcpi_pch,1,rolling window,absolute,ar_bic,0.473756287938473
2019,pcpi_pch,1,rolling window,absolute,ar_bic,0.642662073319662
2020,pcpi_pch,1,rolling window,absolute,ar_bic,0.750144295239673
2021,pcpi_pch,1,rolling window,absolute,ar_bic,1.344673432813
2022,pcpi_pch,1,rolling window,absolute,ar_bic,2.57266901308218
2023,pcpi_pch,1,rolling window,absolute,ar_bic,1.2241580027335
2013,pcpi_pch,1.5,rolling window,absolute,ar_bic,0.964644370348118
2014,pcpi_pch,1.5,rolling window,absolute,ar_bic,0.85849475510953
2015,pcpi_pch,1.5,rolling window,absolute,ar_bic,0.964876549145123
2016,pcpi_pch,1.5,rolling window,absolute,ar_bic,0.484465334550271
2017,pcpi_pch,1.5,rolling window,absolute,ar_bic,0.62678003824458
2018,pcpi_pch,1.5,rolling window,absolute,ar_bic,0.58279655692294
2019,pcpi_pch,1.5,rolling window,absolute,ar_bic,0.670715045031117
2020,pcpi_pch,1.5,rolling window,absolute,ar_bic,0.692401927104779
2021,pcpi_pch,1.5,rolling window,absolute,ar_bic,0.82470152249481
2022,pcpi_pch,1.5,rolling window,absolute,ar_bic,4.03210679580081
2023,pcpi_pch,1.5,rolling window,absolute,ar_bic,1.00773396300286
2013,ngdp_rpch,0,rolling window,absolute,ar_bic-direct,0.114562178224279
2014,ngdp_rpch,0,rolling window,absolute,ar_bic-direct,0.108732576646418
2015,ngdp_rpch,0,rolling window,absolute,ar_bic-direct,0.108035880909132
2016,ngdp_rpch,0,rolling window,absolute,ar_bic-direct,0.107327698160253
2017,ngdp_rpch,0,rolling window,absolute,ar_bic-direct,0.106470528663972
2018,ngdp_rpch,0,rolling window,absolute,ar_bic-direct,0.105872105569527
2019,ngdp_rpch,0,rolling window,absolute,ar_bic-direct,0.192626819509531
2020,ngdp_rpch,0,rolling window,absolute,ar_bic-direct,0.574659549158884
2021,ngdp_rpch,0,rolling window,absolute,ar_bic-direct,0.161134796207879
2022,ngdp_rpch,0,rolling window,absolute,ar_bic-direct,0.159951095110219
2023,ngdp_rpch,0,rolling window,absolute,ar_bic-direct,0.154651795016414
2013,ngdp_rpch,0.5,rolling window,absolute,ar_bic-direct,0.431165910290811
2014,ngdp_rpch,0.5,rolling window,absolute,ar_bic-direct,0.589566488114485
2015,ngdp_rpch,0.5,rolling window,absolute,ar_bic-direct,0.458203599179262
2016,ngdp_rpch,0.5,rolling window,absolute,ar_bic-direct,0.445507471055991
2017,ngdp_rpch,0.5,rolling window,absolute,ar_bic-direct,0.420309253871721
2018,ngdp_rpch,0.5,rolling window,absolute,ar_bic-direct,0.417349527979433
2019,ngdp_rpch,0.5,rolling window,absolute,ar_bic-direct,0.42534205916839
2020,ngdp_rpch,0.5,rolling window,absolute,ar_bic-direct,2.34716252624251
2021,ngdp_rpch,0.5,rolling window,absolute,ar_bic-direct,1.50048659385153
2022,ngdp_rpch,0.5,rolling window,absolute,ar_bic-direct,0.548938394266488
2023,ngdp_rpch,0.5,rolling window,absolute,ar_bic-direct,0.574371717459987
2013,ngdp_rpch,1,rolling window,absolute,ar_bic-direct,0.892452194197758
2014,ngdp_rpch,1,rolling window,absolute,ar_bic-direct,0.982591532687588
2015,ngdp_rpch,1,rolling window,absolute,ar_bic-direct,0.941264246909011
2016,ngdp_rpch,1,rolling window,absolute,ar_bic-direct,0.808461666705128
2017,ngdp_rpch,1,rolling window,absolute,ar_bic-direct,0.787013462776159
2018,ngdp_rpch,1,rolling window,absolute,ar_bic-direct,0.859255614984807
2019,ngdp_rpch,1,rolling window,absolute,ar_bic-direct,0.776143918539395
2020,ngdp_rpch,1,rolling window,absolute,ar_bic-direct,6.6848060291142
2021,ngdp_rpch,1,rolling window,absolute,ar_bic-direct,1.98863958651902
2022,ngdp_rpch,1,rolling window,absolute,ar_bic-direct,0.899335626433705
2023,ngdp_rpch,1,rolling window,absolute,ar_bic-direct,1.03094316343964
2013,ngdp_rpch,1.5,rolling window,absolute,ar_bic-direct,1.1177763659107
2014,ngdp_rpch,1.5,rolling window,absolute,ar_bic-direct,1.00186809048759
2015,ngdp_rpch,1.5,rolling window,absolute,ar_bic-direct,1.01117193751139
2016,ngdp_rpch,1.5,rolling window,absolute,ar_bic-direct,1.03476974641568
2017,ngdp_rpch,1.5,rolling window,absolute,ar_bic-direct,0.913654714332832
2018,ngdp_rpch,1.5,rolling window,absolute,ar_bic-direct,0.925780525862378
2019,ngdp_rpch,1.5,rolling window,absolute,ar_bic-direct,0.948761166347805
2020,ngdp_rpch,1.5,rolling window,absolute,ar_bic-direct,6.69432791018915
2021,ngdp_rpch,1.5,rolling window,absolute,ar_bic-direct,4.62106189451833
2022,ngdp_rpch,1.5,rolling window,absolute,ar_bic-direct,0.98326269056338
2023,ngdp_rpch,1.5,rolling window,absolute,ar_bic-direct,1.13512878119411
2013,pcpi_pch,0,rolling window,absolute,ar_bic-direct,0.0974070349428027
2014,pcpi_pch,0,rolling window,absolute,ar_bic-direct,0.113974088975367
2015,pcpi_pch,0,rolling window,absolute,ar_bic-direct,0.0885133185264639
2016,pcpi_pch,0,rolling window,absolute,ar_bic-direct,0.0860604946645076
2017,pcpi_pch,0,rolling window,absolute,ar_bic-direct,0.0870312357340621
2018,pcpi_pch,0,rolling window,absolute,ar_bic-direct,0.0990714206475148
2019,pcpi_pch,0,rolling window,absolute,ar_bic-direct,0.0851705268613749
2020,pcpi_pch,0,rolling window,absolute,ar_bic-direct,0.0992678645787317
2021,pcpi_pch,0,rolling window,absolute,ar_bic-direct,0.0881316563444392
2022,pcpi_pch,0,rolling window,absolute,ar_bic-direct,0.161357954923098
2023,pcpi_pch,0,rolling window,absolute,ar_bic-direct,0.14155869496876
2013,pcpi_pch,0.5,rolling window,absolute,ar_bic-direct,0.323208270564878
2014,pcpi_pch,0.5,rolling window,absolute,ar_bic-direct,0.356195402194591
2015,pcpi_pch,0.5,rolling window,absolute,ar_bic-direct,0.372544020126744
2016,pcpi_pch,0.5,rolling window,absolute,ar_bic-direct,0.347069964165569
2017,pcpi_pch,0.5,rolling window,absolute,ar_bic-direct,0.318321796203207
2018,pcpi_pch,0.5,rolling window,absolute,ar_bic-direct,0.317593466786893
2019,pcpi_pch,0.5,rolling window,absolute,ar_bic-direct,0.314004575690388
2020,pcpi_pch,0.5,rolling window,absolute,ar_bic-direct,0.464536000194831
2021,pcpi_pch,0.5,rolling window,absolute,ar_bic-direct,0.74043298660605
2022,pcpi_pch,0.5,rolling window,absolute,ar_bic-direct,0.770711918377515
2023,pcpi_pch,0.5,rolling window,absolute,ar_bic-direct,0.694323687590495
2013,pcpi_pch,1,rolling window,absolute,ar_bic-direct,0.701941652303389
2014,pcpi_pch,1,rolling window,absolute,ar_bic-direct,0.720307379260016
2015,pcpi_pch,1,rolling window,absolute,ar_bic-direct,0.965984619302806
2016,pcpi_pch,1,rolling window,absolute,ar_bic-direct,0.654117286545431
2017,pcpi_pch,1,rolling window,absolute,ar_bic-direct,0.639249085573756
2018,pcpi_pch,1,rolling window,absolute,ar_bic-direct,0.645606937054869
2019,pcpi_pch,1,rolling window,absolute,ar_bic-direct,0.723918141489649
2020,pcpi_pch,1,rolling window,absolute,ar_bic-direct,0.797269072689924
2021,pcpi_pch,1,rolling window,absolute,ar_bic-direct,1.34579216853151
2022,pcpi_pch,1,rolling window,absolute,ar_bic-direct,2.32199938472293
2023,pcpi_pch,1,rolling window,absolute,ar_bic-direct,1.13860269675963
2013,pcpi_pch,1.5,rolling window,absolute,ar_bic-direct,1.03363911040632
2014,pcpi_pch,1.5,rolling window,absolute,ar_bic-direct,0.935013841894335
2015,pcpi_pch,1.5,rolling window,absolute,ar_bic-direct,1.005560212883
2016,pcpi_pch,1.5,rolling window,absolute,ar_bic-direct,0.881861231433367
2017,pcpi_pch,1.5,rolling window,absolute,ar_bic-direct,0.88847356028278
2018,pcpi_pch,1.5,rolling window,absolute,ar_bic-direct,0.86485043662165
2019,pcpi_pch,1.5,rolling window,absolute,ar_bic-direct,0.851425011265308
2020,pcpi_pch,1.5,rolling window,absolute,ar_bic-direct,0.902477636994873
2021,pcpi_pch,1.5,rolling window,absolute,ar_bic-direct,0.998406366492654
2022,pcpi_pch,1.5,rolling window,absolute,ar_bic-direct,3.61010006168989
2023,pcpi_pch,1.5,rolling window,absolute,ar_bic-direct,1.04675728366325
2014,ngdp_rpch,0,rolling window,absolute,arx_annual-direct,0.297263120263348
2015,ngdp_rpch,0,rolling window,absolute,arx_annual-direct,0.258377907845934
2016,ngdp_rpch,0,rolling window,absolute,arx_annual-direct,0.261321083665883
2017,ngdp_rpch,0,rolling window,absolute,arx_annual-direct,0.44388633073388
2018,ngdp_rpch,0,rolling window,absolute,arx_annual-direct,0.248826113724643
2019,ngdp_rpch,0,rolling window,absolute,arx_annual-direct,0.391220835441509
2020,ngdp_rpch,0,rolling window,absolute,arx_annual-direct,1.964260395529
2021,ngdp_rpch,0,rolling window,absolute,arx_annual-direct,1.42468200646935
2022,ngdp_rpch,0,rolling window,absolute,arx_annual-direct,0.555731366238639
2023,ngdp_rpch,0,rolling window,absolute,arx_annual-direct,0.224602552157901
2014,ngdp_rpch,0.5,rolling window,absolute,arx_annual-direct,0.350828939416516
2015,ngdp_rpch,0.5,rolling window,absolute,arx_annual-direct,0.398031026986645
2016,ngdp_rpch,0.5,rolling window,absolute,arx_annual-direct,0.368930160002355
2017,ngdp_rpch,0.5,rolling window,absolute,arx_annual-direct,0.675796148453988
2018,ngdp_rpch,0.5,rolling window,absolute,arx_annual-direct,0.398264674002667
2019,ngdp_rpch,0.5,rolling window,absolute,arx_annual-direct,0.424040727105203
2020,ngdp_rpch,0.5,rolling window,absolute,arx_annual-direct,1.54567560097346
2021,ngdp_rpch,0.5,rolling window,absolute,arx_annual-direct,1.40530940741162
2022,ngdp_rpch,0.5,rolling window,absolute,arx_annual-direct,0.924508960357829
2023,ngdp_rpch,0.5,rolling window,absolute,arx_annual-direct,0.453303936949251
2014,ngdp_rpch,1,rolling window,absolute,arx_annual-direct,0.723310767566616
2015,ngdp_rpch,1,rolling window,absolute,arx_annual-direct,0.623939599508909
2016,ngdp_rpch,1,rolling window,absolute,arx_annual-direct,0.643352649015777
2017,ngdp_rpch,1,rolling window,absolute,arx_annual-direct,1.38089926082929
2018,ngdp_rpch,1,rolling window,absolute,arx_annual-direct,0.660889438213678
2019,ngdp_rpch,1,rolling window,absolute,arx_annual-direct,0.619930849528958
2020,ngdp_rpch,1,rolling window,absolute,arx_annual-direct,5.47485300948944
2021,ngdp_rpch,1,rolling window,absolute,arx_annual-direct,2.1672334744456
2022,ngdp_rpch,1,rolling window,absolute,arx_annual-direct,1.37717485654083
2023,ngdp_rpch,1,rolling window,absolute,arx_annual-direct,1.62739310632117
2014,ngdp_rpch,1.5,rolling window,absolute,arx_annual-direct,0.76944148075675
2015,ngdp_rpch,1.5,rolling window,absolute,arx_annual-direct,0.645065906680269
2016,ngdp_rpch,1.5,rolling window,absolute,arx_annual-direct,0.782801340728888
2017,ngdp_rpch,1.5,rolling window,absolute,arx_annual-direct,1.1729632976869
2018,ngdp_rpch,1.5,rolling window,absolute,arx_annual-direct,0.879572497109353
2019,ngdp_rpch,1.5,rolling window,absolute,arx_annual-direct,0.76288362603032
2020,ngdp_rpch,1.5,rolling window,absolute,arx_annual-direct,5.65709275412085
2021,ngdp_rpch,1.5,rolling window,absolute,arx_annual-direct,2.33140164854358
2022,ngdp_rpch,1.5,rolling window,absolute,arx_annual-direct,1.05027528374519
2023,ngdp_rpch,1.5,rolling window,absolute,arx_annual-direct,1.30844932387428
2014,pcpi_pch,0,rolling window,absolute,arx_annual-direct,0.150147435418816
2015,pcpi_pch,0,rolling window,absolute,arx_annual-direct,0.151131815868887
2016,pcpi_pch,0,rolling window,absolute,arx_annual-direct,0.12230837705579
2017,pcpi_pch,0,rolling window,absolute,arx_annual-direct,0.121994330725881
2018,pcpi_pch,0,rolling window,absolute,arx_annual-direct,0.120083535654332
2019,pcpi_pch,0,rolling window,absolute,arx_annual-direct,0.137646176657821
2020,pcpi_pch,0,rolling window,absolute,arx_annual-direct,0.145942238384233
2021,pcpi_pch,0,rolling window,absolute,arx_annual-direct,0.196439131556432
2022,pcpi_pch,0,rolling window,absolute,arx_annual-direct,0.807523881381845
2023,pcpi_pch,0,rolling window,absolute,arx_annual-direct,0.384377795594327
2014,pcpi_pch,0.5,rolling window,absolute,arx_annual-direct,0.340395926057143
2015,pcpi_pch,0.5,rolling window,absolute,arx_annual-direct,0.206210812169882
2016,pcpi_pch,0.5,rolling window,absolute,arx_annual-direct,0.219516813286767
2017,pcpi_pch,0.5,rolling window,absolute,arx_annual-direct,0.387022705348665
2018,pcpi_pch,0.5,rolling window,absolute,arx_annual-direct,0.186135542803629
2019,pcpi_pch,0.5,rolling window,absolute,arx_annual-direct,0.194190389080071
2020,pcpi_pch,0.5,rolling window,absolute,arx_annual-direct,0.200172395228889
2021,pcpi_pch,0.5,rolling window,absolute,arx_annual-direct,0.851223636785822
2022,pcpi_pch,0.5,rolling window,absolute,arx_annual-direct,0.746075178559339
2023,pcpi_pch,0.5,rolling window,absolute,arx_annual-direct,0.771687917687047
2014,pcpi_pch,1,rolling window,absolute,arx_annual-direct,0.645769474709181
2015,pcpi_pch,1,rolling window,absolute,arx_annual-direct,1.09330173607916
2016,pcpi_pch,1,rolling window,absolute,arx_annual-direct,0.690956140323938
2017,pcpi_pch,1,rolling window,absolute,arx_annual-direct,0.434370957064747
2018,pcpi_pch,1,rolling window,absolute,arx_annual-direct,0.356807801159448
2019,pcpi_pch,1,rolling window,absolute,arx_annual-direct,0.396067268685648
2020,pcpi_pch,1,rolling window,absolute,arx_annual-direct,0.734474902957552
2021,pcpi_pch,1,rolling window,absolute,arx_annual-direct,0.984015362032102
2022,pcpi_pch,1,rolling window,absolute,arx_annual-direct,4.11048569133374
2023,pcpi_pch,1,rolling window,absolute,arx_annual-direct,0.998828362551935
2014,pcpi_pch,1.5,rolling window,absolute,arx_annual-direct,0.78516322633653
2015,pcpi_pch,1.5,rolling window,absolute,arx_annual-direct,1.14246848273206
2016,pcpi_pch,1.5,rolling window,absolute,arx_annual-direct,0.815552983835216
2017,pcpi_pch,1.5,rolling window,absolute,arx_annual-direct,0.39313257145488
2018,pcpi_pch,1.5,rolling window,absolute,arx_annual-direct,0.388682378633421
2019,pcpi_pch,1.5,rolling window,absolute,arx_annual-direct,0.377216810196504
2020,pcpi_pch,1.5,rolling window,absolute,arx_annual-direct,0.797081046111874
2021,pcpi_pch,1.5,rolling window,absolute,arx_annual-direct,0.852033572054138
2022,pcpi_pch,1.5,rolling window,absolute,arx_annual-direct,4.6704747604313
2023,pcpi_pch,1.5,rolling window,absolute,arx_annual-direct,2.20112469311222
2013,ngdp_rpch,0,rolling window,absolute,bvar,0.0698246841114218
2014,ngdp_rpch,0,rolling window,absolute,bvar,0.0745563392937214
2015,ngdp_rpch,0,rolling window,absolute,bvar,0.0706313986673236
2016,ngdp_rpch,0,rolling window,absolute,bvar,0.0638227948716534
2017,ngdp_rpch,0,rolling window,absolute,bvar,0.0645628425969739
2018,ngdp_rpch,0,rolling window,absolute,bvar,0.0684399327719451
2019,ngdp_rpch,0,rolling window,absolute,bvar,0.169636532494627
2020,ngdp_rpch,0,rolling window,absolute,bvar,0.737615743071006
2021,ngdp_rpch,0,rolling window,absolute,bvar,0.0995437735099149
2022,ngdp_rpch,0,rolling window,absolute,bvar,0.104269623223584
2023,ngdp_rpch,0,rolling window,absolute,bvar,0.0811325390912735
2013,ngdp_rpch,0.5,rolling window,absolute,bvar,0.303254359732778
2014,ngdp_rpch,0.5,rolling window,absolute,bvar,0.440653169176335
2015,ngdp_rpch,0.5,rolling window,absolute,bvar,0.353095100343124
2016,ngdp_rpch,0.5,rolling window,absolute,bvar,0.39365676082859
2017,ngdp_rpch,0.5,rolling window,absolute,bvar,0.333452939236107
2018,ngdp_rpch,0.5,rolling window,absolute,bvar,0.301389805287552
2019,ngdp_rpch,0.5,rolling window,absolute,bvar,0.292031054931044
2020,ngdp_rpch,0.5,rolling window,absolute,bvar,2.37766706217745
2021,ngdp_rpch,0.5,rolling window,absolute,bvar,1.84233437065381
2022,ngdp_rpch,0.5,rolling window,absolute,bvar,0.363920519641716
2023,ngdp_rpch,0.5,rolling window,absolute,bvar,0.422396037640015
2013,ngdp_rpch,1,rolling window,absolute,bvar,0.768052839008677
2014,ngdp_rpch,1,rolling window,absolute,bvar,0.719336936376367
2015,ngdp_rpch,1,rolling window,absolute,bvar,0.847339945438637
2016,ngdp_rpch,1,rolling window,absolute,bvar,0.681947061100361
2017,ngdp_rpch,1,rolling window,absolute,bvar,0.660104352562658
2018,ngdp_rpch,1,rolling window,absolute,bvar,0.688432268156421
2019,ngdp_rpch,1,rolling window,absolute,bvar,0.646472025745608
2020,ngdp_rpch,1,rolling window,absolute,bvar,6.5283760375958
2021,ngdp_rpch,1,rolling window,absolute,bvar,2.30081414208465
2022,ngdp_rpch,1,rolling window,absolute,bvar,0.68590378855367
2023,ngdp_rpch,1,rolling window,absolute,bvar,0.890094597753934
2013,ngdp_rpch,1.5,rolling window,absolute,bvar,0.991020233971161
2014,ngdp_rpch,1.5,rolling window,absolute,bvar,0.774270200808802
2015,ngdp_rpch,1.5,rolling window,absolute,bvar,0.788415983156185
2016,ngdp_rpch,1.5,rolling window,absolute,bvar,0.813977745175014
2017,ngdp_rpch,1.5,rolling window,absolute,bvar,0.668071717137797
2018,ngdp_rpch,1.5,rolling window,absolute,bvar,0.744591611542973
2019,ngdp_rpch,1.5,rolling window,absolute,bvar,0.76096772296597
2020,ngdp_rpch,1.5,rolling window,absolute,bvar,6.54885940550939
2021,ngdp_rpch,1.5,rolling window,absolute,bvar,5.08403401920744
2022,ngdp_rpch,1.5,rolling window,absolute,bvar,0.864200724734239
2023,ngdp_rpch,1.5,rolling window,absolute,bvar,1.00785484179892
2013,pcpi_pch,0,rolling window,absolute,bvar,0.0840292466594163
2014,pcpi_pch,0,rolling window,absolute,bvar,0.093323632671593
2015,pcpi_pch,0,rolling window,absolute,bvar,0.0895800383020494
2016,pcpi_pch,0,rolling window,absolute,bvar,0.0742043217009869
2017,pcpi_pch,0,rolling window,absolute,bvar,0.0689459086767448
2018,pcpi_pch,0,rolling window,absolute,bvar,0.0930201331798673
2019,pcpi_pch,0,rolling window,absolute,bvar,0.0748802460304068
2020,pcpi_pch,0,rolling window,absolute,bvar,0.162275951547955
2021,pcpi_pch,0,rolling window,absolute,bvar,0.095786882466643
2022,pcpi_pch,0,rolling window,absolute,bvar,0.187223437817055
2023,pcpi_pch,0,rolling window,absolute,bvar,0.0966407521867596
2013,pcpi_pch,0.5,rolling window,absolute,bvar,0.220286869528034
2014,pcpi_pch,0.5,rolling window,absolute,bvar,0.387690221469847
2015,pcpi_pch,0.5,rolling window,absolute,bvar,0.296770989519756
2016,pcpi_pch,0.5,rolling window,absolute,bvar,0.349836395615907
2017,pcpi_pch,0.5,rolling window,absolute,bvar,0.34472403362851
2018,pcpi_pch,0.5,rolling window,absolute,bvar,0.283945824098617
2019,pcpi_pch,0.5,rolling window,absolute,bvar,0.349713366077108
2020,pcpi_pch,0.5,rolling window,absolute,bvar,0.332083777430934
2021,pcpi_pch,0.5,rolling window,absolute,bvar,0.512486512537068
2022,pcpi_pch,0.5,rolling window,absolute,bvar,0.912784760374776
2023,pcpi_pch,0.5,rolling window,absolute,bvar,0.334628340107605
2013,pcpi_pch,1,rolling window,absolute,bvar,0.486909351782221
2014,pcpi_pch,1,rolling window,absolute,bvar,0.722111397647734
2015,pcpi_pch,1,rolling window,absolute,bvar,0.824933473410004
2016,pcpi_pch,1,rolling window,absolute,bvar,0.688568065153304
2017,pcpi_pch,1,rolling window,absolute,bvar,0.481911371288263
2018,pcpi_pch,1,rolling window,absolute,bvar,0.480862750640298
2019,pcpi_pch,1,rolling window,absolute,bvar,0.655128529358534
2020,pcpi_pch,1,rolling window,absolute,bvar,0.903393390236407
2021,pcpi_pch,1,rolling window,absolute,bvar,0.605549328604324
2022,pcpi_pch,1,rolling window,absolute,bvar,2.78538763947012
2023,pcpi_pch,1,rolling window,absolute,bvar,0.717417884414941
2013,pcpi_pch,1.5,rolling window,absolute,bvar,1.05157344408461
2014,pcpi_pch,1.5,rolling window,absolute,bvar,0.867020615397532
2015,pcpi_pch,1.5,rolling window,absolute,bvar,1.33983356666508
2016,pcpi_pch,1.5,rolling window,absolute,bvar,0.711650474812962
2017,pcpi_pch,1.5,rolling window,absolute,bvar,0.566797664791012
2018,pcpi_pch,1.5,rolling window,absolute,bvar,0.682750264856541
2019,pcpi_pch,1.5,rolling window,absolute,bvar,0.749182378261471
2020,pcpi_pch,1.5,rolling window,absolute,bvar,0.894279164459257
2021,pcpi_pch,1.5,rolling window,absolute,bvar,1.01056042099471
2022,pcpi_pch,1.5,rolling window,absolute,bvar,2.98096608970684
2023,pcpi_pch,1.5,rolling window,absolute,bvar,1.40386583834146
2013,ngdp_rpch,0,rolling window,absolute,bvar_const,0.0730116279648226
2014,ngdp_rpch,0,rolling window,absolute,bvar_const,0.0772418646427895
2015,ngdp_rpch,0,rolling window,absolute,bvar_const,0.0741676223015639
2016,ngdp_rpch,0,rolling window,absolute,bvar_const,0.065902842954594
2017,ngdp_rpch,0,rolling window,absolute,bvar_const,0.0660738631307551
2018,ngdp_rpch,0,rolling window,absolute,bvar_const,0.0754402194864946
2019,ngdp_rpch,0,rolling window,absolute,bvar_const,0.174300295592127
2020,ngdp_rpch,0,rolling window,absolute,bvar_const,0.601342783727928
2021,ngdp_rpch,0,rolling window,absolute,bvar_const,0.145479979858765
2022,ngdp_rpch,0,rolling window,absolute,bvar_const,0.108647789275515
2023,ngdp_rpch,0,rolling window,absolute,bvar_const,0.0952608629953476
2013,ngdp_rpch,0.5,rolling window,absolute,bvar_const,0.312323985483567
2014,ngdp_rpch,0.5,rolling window,absolute,bvar_const,0.471478167355573
2015,ngdp_rpch,0.5,rolling window,absolute,bvar_const,0.374306137013228
2016,ngdp_rpch,0.5,rolling window,absolute,bvar_const,0.404108188117572
2017,ngdp_rpch,0.5,rolling window,absolute,bvar_const,0.342960893427158
2018,ngdp_rpch,0.5,rolling window,absolute,bvar_const,0.334980086696087
2019,ngdp_rpch,0.5,rolling window,absolute,bvar_const,0.317559163842335
2020,ngdp_rpch,0.5,rolling window,absolute,bvar_const,2.58977273403076
2021,ngdp_rpch,0.5,rolling window,absolute,bvar_const,1.76148382830232
2022,ngdp_rpch,0.5,rolling window,absolute,bvar_const,0.389437678702673
2023,ngdp_rpch,0.5,rolling window,absolute,bvar_const,0.47590135936948
2013,ngdp_rpch,1,rolling window,absolute,bvar_const,0.801413364938545
2014,ngdp_rpch,1,rolling window,absolute,bvar_const,0.774989339309027
2015,ngdp_rpch,1,rolling window,absolute,bvar_const,0.882922005858488
2016,ngdp_rpch,1,rolling window,absolute,bvar_const,0.727502509873948
2017,ngdp_rpch,1,rolling window,absolute,bvar_const,0.679998092419241
2018,ngdp_rpch,1,rolling window,absolute,bvar_const,0.735452924430916
2019,ngdp_rpch,1,rolling window,absolute,bvar_const,0.683969424718646
2020,ngdp_rpch,1,rolling window,absolute,bvar_const,6.63138778793544
2021,ngdp_rpch,1,rolling window,absolute,bvar_const,2.69557077109296
2022,ngdp_rpch,1,rolling window,absolute,bvar_const,0.509174331743193
2023,ngdp_rpch,1,rolling window,absolute,bvar_const,0.932457821702736
2013,ngdp_rpch,1.5,rolling window,absolute,bvar_const,1.04604353683169
2014,ngdp_rpch,1.5,rolling window,absolute,bvar_const,0.871023971193603
2015,ngdp_rpch,1.5,rolling window,absolute,bvar_const,0.833111069194363
2016,ngdp_rpch,1.5,rolling window,absolute,bvar_const,0.848989281449095
2017,ngdp_rpch,1.5,rolling window,absolute,bvar_const,0.725669588312237
2018,ngdp_rpch,1.5,rolling window,absolute,bvar_const,0.786525539170588
2019,ngdp_rpch,1.5,rolling window,absolute,bvar_const,0.822813080142636
2020,ngdp_rpch,1.5,rolling window,absolute,bvar_const,6.70319520017453
2021,ngdp_rpch,1.5,rolling window,absolute,bvar_const,5.25717456275059
2022,ngdp_rpch,1.5,rolling window,absolute,bvar_const,0.920358550107868
2023,ngdp_rpch,1.5,rolling window,absolute,bvar_const,1.06032753663091
2013,pcpi_pch,0,rolling window,absolute,bvar_const,0.0875790848896645
2014,pcpi_pch,0,rolling window,absolute,bvar_const,0.104292672106948
2015,pcpi_pch,0,rolling window,absolute,bvar_const,0.0916421812517748
2016,pcpi_pch,0,rolling window,absolute,bvar_const,0.0769903489640026
2017,pcpi_pch,0,rolling window,absolute,bvar_const,0.0729437763233824
2018,pcpi_pch,0,rolling window,absolute,bvar_const,0.0926857683647222
2019,pcpi_pch,0,rolling window,absolute,bvar_const,0.0794513917982798
2020,pcpi_pch,0,rolling window,absolute,bvar_const,0.197497535861779
2021,pcpi_pch,0,rolling window,absolute,bvar_const,0.0845640960339688
2022,pcpi_pch,0,rolling window,absolute,bvar_const,0.158521671179676
2023,pcpi_pch,0,rolling window,absolute,bvar_const,0.106780124094397
2013,pcpi_pch,0.5,rolling window,absolute,bvar_const,0.255190562850959
2014,pcpi_pch,0.5,rolling window,absolute,bvar_const,0.380797070944397
2015,pcpi_pch,0.5,rolling window,absolute,bvar_const,0.303773586546491
2016,pcpi_pch,0.5,rolling window,absolute,bvar_const,0.339386841105712
2017,pcpi_pch,0.5,rolling window,absolute,bvar_const,0.380204718176262
2018,pcpi_pch,0.5,rolling window,absolute,bvar_const,0.311172071454992
2019,pcpi_pch,0.5,rolling window,absolute,bvar_const,0.386664535801028
2020,pcpi_pch,0.5,rolling window,absolute,bvar_const,0.475514330899583
2021,pcpi_pch,0.5,rolling window,absolute,bvar_const,0.474581666201545
2022,pcpi_pch,0.5,rolling window,absolute,bvar_const,0.789547506722679
2023,pcpi_pch,0.5,rolling window,absolute,bvar_const,0.290152951833329
2013,pcpi_pch,1,rolling window,absolute,bvar_const,0.637301798376634
2014,pcpi_pch,1,rolling window,absolute,bvar_const,0.908986033665879
2015,pcpi_pch,1,rolling window,absolute,bvar_const,1.0197331687764
2016,pcpi_pch,1,rolling window,absolute,bvar_const,0.831868391391579
2017,pcpi_pch,1,rolling window,absolute,bvar_const,0.642367358656028
2018,pcpi_pch,1,rolling window,absolute,bvar_const,0.62366808010059
2019,pcpi_pch,1,rolling window,absolute,bvar_const,0.828762787892782
2020,pcpi_pch,1,rolling window,absolute,bvar_const,1.07249497320198
2021,pcpi_pch,1,rolling window,absolute,bvar_const,0.806779929014849
2022,pcpi_pch,1,rolling window,absolute,bvar_const,2.22474860897185
2023,pcpi_pch,1,rolling window,absolute,bvar_const,0.69163853862535
2013,pcpi_pch,1.5,rolling window,absolute,bvar_const,1.31254511033308
2014,pcpi_pch,1.5,rolling window,absolute,bvar_const,1.08247343183958
2015,pcpi_pch,1.5,rolling window,absolute,bvar_const,1.67902241438439
2016,pcpi_pch,1.5,rolling window,absolute,bvar_const,0.997602577312924
2017,pcpi_pch,1.5,rolling window,absolute,bvar_const,0.885380296826712
2018,pcpi_pch,1.5,rolling window,absolute,bvar_const,1.04843449650045
2019,pcpi_pch,1.5,rolling window,absolute,bvar_const,1.05042907094455
2020,pcpi_pch,1.5,rolling window,absolute,bvar_const,1.15778743709047
2021,pcpi_pch,1.5,rolling window,absolute,bvar_const,1.59192741740313
2022,pcpi_pch,1.5,rolling window,absolute,bvar_const,2.15448481710946
2023,pcpi_pch,1.5,rolling window,absolute,bvar_const,1.39304626390128
2013,ngdp_rpch,0,rolling window,absolute,bvar_const-direct,0.0919040865305949
2014,ngdp_rpch,0,rolling window,absolute,bvar_const-direct,0.0936118775854167
2015,ngdp_rpch,0,rolling window,absolute,bvar_const-direct,0.0870773165389438
2016,ngdp_rpch,0,rolling window,absolute,bvar_const-direct,0.0857412995754415
2017,ngdp_rpch,0,rolling window,absolute,bvar_const-direct,0.0854623935725043
2018,ngdp_rpch,0,rolling window,absolute,bvar_const-direct,0.0868878203697929
2019,ngdp_rpch,0,rolling window,absolute,bvar_const-direct,0.1805173025173
2020,ngdp_rpch,0,rolling window,absolute,bvar_const-direct,0.557993030539901
2021,ngdp_rpch,0,rolling window,absolute,bvar_const-direct,0.128147882924632
2022,ngdp_rpch,0,rolling window,absolute,bvar_const-direct,0.114311558329165
2023,ngdp_rpch,0,rolling window,absolute,bvar_const-direct,0.109208613207237
2013,ngdp_rpch,0.5,rolling window,absolute,bvar_const-direct,0.397068658357969
2014,ngdp_rpch,0.5,rolling window,absolute,bvar_const-direct,0.566166573716994
2015,ngdp_rpch,0.5,rolling window,absolute,bvar_const-direct,0.429756563749025
2016,ngdp_rpch,0.5,rolling window,absolute,bvar_const-direct,0.420260477322657
2017,ngdp_rpch,0.5,rolling window,absolute,bvar_const-direct,0.382829720898337
2018,ngdp_rpch,0.5,rolling window,absolute,bvar_const-direct,0.383143291018991
2019,ngdp_rpch,0.5,rolling window,absolute,bvar_const-direct,0.39677469166685
2020,ngdp_rpch,0.5,rolling window,absolute,bvar_const-direct,2.42528630751151
2021,ngdp_rpch,0.5,rolling window,absolute,bvar_const-direct,1.6940795777954
2022,ngdp_rpch,0.5,rolling window,absolute,bvar_const-direct,0.400936472717898
2023,ngdp_rpch,0.5,rolling window,absolute,bvar_const-direct,0.443449539683997
2013,ngdp_rpch,1,rolling window,absolute,bvar_const-direct,0.821964834769956
2014,ngdp_rpch,1,rolling window,absolute,bvar_const-direct,0.832706981911416
2015,ngdp_rpch,1,rolling window,absolute,bvar_const-direct,0.859464152831062
2016,ngdp_rpch,1,rolling window,absolute,bvar_const-direct,0.721572941757168
2017,ngdp_rpch,1,rolling window,absolute,bvar_const-direct,0.715092420644069
2018,ngdp_rpch,1,rolling window,absolute,bvar_const-direct,0.757065520262621
2019,ngdp_rpch,1,rolling window,absolute,bvar_const-direct,0.737921838804107
2020,ngdp_rpch,1,rolling window,absolute,bvar_const-direct,6.60706462892212
2021,ngdp_rpch,1,rolling window,absolute,bvar_const-direct,2.5837940111166
2022,ngdp_rpch,1,rolling window,absolute,bvar_const-direct,0.582746176920652
2023,ngdp_rpch,1,rolling window,absolute,bvar_const-direct,0.847567265224145
2013,ngdp_rpch,1.5,rolling window,absolute,bvar_const-direct,0.993100943056717
2014,ngdp_rpch,1.5,rolling window,absolute,bvar_const-direct,0.92443597900307
2015,ngdp_rpch,1.5,rolling window,absolute,bvar_const-direct,0.872887064814488
2016,ngdp_rpch,1.5,rolling window,absolute,bvar_const-direct,0.906474325496094
2017,ngdp_rpch,1.5,rolling window,absolute,bvar_const-direct,0.817189054011165
2018,ngdp_rpch,1.5,rolling window,absolute,bvar_const-direct,0.827929288755526
2019,ngdp_rpch,1.5,rolling window,absolute,bvar_const-direct,0.891633097280088
2020,ngdp_rpch,1.5,rolling window,absolute,bvar_const-direct,6.63355886666383
2021,ngdp_rpch,1.5,rolling window,absolute,bvar_const-direct,4.96777109775782
2022,ngdp_rpch,1.5,rolling window,absolute,bvar_const-direct,0.888488644892657
2023,ngdp_rpch,1.5,rolling window,absolute,bvar_const-direct,0.940546749440236
2013,pcpi_pch,0,rolling window,absolute,bvar_const-direct,0.10092027388647
2014,pcpi_pch,0,rolling window,absolute,bvar_const-direct,0.113919076229191
2015,pcpi_pch,0,rolling window,absolute,bvar_const-direct,0.109799582633585
2016,pcpi_pch,0,rolling window,absolute,bvar_const-direct,0.0827380144322271
2017,pcpi_pch,0,rolling window,absolute,bvar_const-direct,0.0868150429550799
2018,pcpi_pch,0,rolling window,absolute,bvar_const-direct,0.106997900520772
2019,pcpi_pch,0,rolling window,absolute,bvar_const-direct,0.0916903987581967
2020,pcpi_pch,0,rolling window,absolute,bvar_const-direct,0.163087776528909
2021,pcpi_pch,0,rolling window,absolute,bvar_const-direct,0.071200081329943
2022,pcpi_pch,0,rolling window,absolute,bvar_const-direct,0.160789523175723
2023,pcpi_pch,0,rolling window,absolute,bvar_const-direct,0.106455204727958
2013,pcpi_pch,0.5,rolling window,absolute,bvar_const-direct,0.421129762050046
2014,pcpi_pch,0.5,rolling window,absolute,bvar_const-direct,0.453955976895243
2015,pcpi_pch,0.5,rolling window,absolute,bvar_const-direct,0.437504371018833
2016,pcpi_pch,0.5,rolling window,absolute,bvar_const-direct,0.457016197070456
2017,pcpi_pch,0.5,rolling window,absolute,bvar_const-direct,0.457486578822
2018,pcpi_pch,0.5,rolling window,absolute,bvar_const-direct,0.442279818640731
2019,pcpi_pch,0.5,rolling window,absolute,bvar_const-direct,0.479167107035394
2020,pcpi_pch,0.5,rolling window,absolute,bvar_const-direct,0.491703116253974
2021,pcpi_pch,0.5,rolling window,absolute,bvar_const-direct,0.507038709169614
2022,pcpi_pch,0.5,rolling window,absolute,bvar_const-direct,0.741588052854051
2023,pcpi_pch,0.5,rolling window,absolute,bvar_const-direct,0.404532268122356
2013,pcpi_pch,1,rolling window,absolute,bvar_const-direct,0.929740154142832
2014,pcpi_pch,1,rolling window,absolute,bvar_const-direct,1.02085301594698
2015,pcpi_pch,1,rolling window,absolute,bvar_const-direct,1.09803712645171
2016,pcpi_pch,1,rolling window,absolute,bvar_const-direct,0.977648329203692
2017,pcpi_pch,1,rolling window,absolute,bvar_const-direct,0.918764056196675
2018,pcpi_pch,1,rolling window,absolute,bvar_const-direct,0.913274877971844
2019,pcpi_pch,1,rolling window,absolute,bvar_const-direct,0.973730608277723
2020,pcpi_pch,1,rolling window,absolute,bvar_const-direct,1.13857017537798
2021,pcpi_pch,1,rolling window,absolute,bvar_const-direct,1.03228318159332
2022,pcpi_pch,1,rolling window,absolute,bvar_const-direct,1.8362891691441
2023,pcpi_pch,1,rolling window,absolute,bvar_const-direct,0.955497449609869
2013,pcpi_pch,1.5,rolling window,absolute,bvar_const-direct,1.34828882483809
2014,pcpi_pch,1.5,rolling window,absolute,bvar_const-direct,1.30694213907286
2015,pcpi_pch,1.5,rolling window,absolute,bvar_const-direct,1.60521819835595
2016,pcpi_pch,1.5,rolling window,absolute,bvar_const-direct,1.26460442013357
2017,pcpi_pch,1.5,rolling window,absolute,bvar_const-direct,1.20359560759122
2018,pcpi_pch,1.5,rolling window,absolute,bvar_const-direct,1.22931376586994
2019,pcpi_pch,1.5,rolling window,absolute,bvar_const-direct,1.23096402638283
2020,pcpi_pch,1.5,rolling window,absolute,bvar_const-direct,1.32511439798096
2021,pcpi_pch,1.5,rolling window,absolute,bvar_const-direct,1.5057454320376
2022,pcpi_pch,1.5,rolling window,absolute,bvar_const-direct,2.04451907086222
2023,pcpi_pch,1.5,rolling window,absolute,bvar_const-direct,1.44859695749741
2013,ngdp_rpch,0,rolling window,absolute,bvar_mix,0.0698246841114218
2014,ngdp_rpch,0,rolling window,absolute,bvar_mix,0.0745563392937214
2015,ngdp_rpch,0,rolling window,absolute,bvar_mix,0.0706313986673236
2016,ngdp_rpch,0,rolling window,absolute,bvar_mix,0.0638227948716534
2017,ngdp_rpch,0,rolling window,absolute,bvar_mix,0.0645628425969739
2018,ngdp_rpch,0,rolling window,absolute,bvar_mix,0.068439932771945
2019,ngdp_rpch,0,rolling window,absolute,bvar_mix,0.169636532494627
2020,ngdp_rpch,0,rolling window,absolute,bvar_mix,0.601342783727928
2021,ngdp_rpch,0,rolling window,absolute,bvar_mix,0.145479979858765
2022,ngdp_rpch,0,rolling window,absolute,bvar_mix,0.108647789275515
2023,ngdp_rpch,0,rolling window,absolute,bvar_mix,0.0952608629953476
2013,ngdp_rpch,0.5,rolling window,absolute,bvar_mix,0.303254359732778
2014,ngdp_rpch,0.5,rolling window,absolute,bvar_mix,0.440653169176335
2015,ngdp_rpch,0.5,rolling window,absolute,bvar_mix,0.353095100343124
2016,ngdp_rpch,0.5,rolling window,absolute,bvar_mix,0.39365676082859
2017,ngdp_rpch,0.5,rolling window,absolute,bvar_mix,0.333452939236107
2018,ngdp_rpch,0.5,rolling window,absolute,bvar_mix,0.301389805287552
2019,ngdp_rpch,0.5,rolling window,absolute,bvar_mix,0.292031054931044
2020,ngdp_rpch,0.5,rolling window,absolute,bvar_mix,2.58977273403076
2021,ngdp_rpch,0.5,rolling window,absolute,bvar_mix,1.76148382830232
2022,ngdp_rpch,0.5,rolling window,absolute,bvar_mix,0.389437678702673
2023,ngdp_rpch,0.5,rolling window,absolute,bvar_mix,0.47590135936948
2013,ngdp_rpch,1,rolling window,absolute,bvar_mix,0.768052839008677
2014,ngdp_rpch,1,rolling window,absolute,bvar_mix,0.719336936376367
2015,ngdp_rpch,1,rolling window,absolute,bvar_mix,0.847339945438637
2016,ngdp_rpch,1,rolling window,absolute,bvar_mix,0.681947061100361
2017,ngdp_rpch,1,rolling window,absolute,bvar_mix,0.660104352562658
2018,ngdp_rpch,1,rolling window,absolute,bvar_mix,0.688432268156421
2019,ngdp_rpch,1,rolling window,absolute,bvar_mix,0.646472025745608
2020,ngdp_rpch,1,rolling window,absolute,bvar_mix,6.5283760375958
2021,ngdp_rpch,1,rolling window,absolute,bvar_mix,2.69557077109296
2022,ngdp_rpch,1,rolling window,absolute,bvar_mix,0.509174331743193
2023,ngdp_rpch,1,rolling window,absolute,bvar_mix,0.932457821702736
2013,ngdp_rpch,1.5,rolling window,absolute,bvar_mix,0.991020233971161
2014,ngdp_rpch,1.5,rolling window,absolute,bvar_mix,0.774270200808802
2015,ngdp_rpch,1.5,rolling window,absolute,bvar_mix,0.788415983156185
2016,ngdp_rpch,1.5,rolling window,absolute,bvar_mix,0.813977745175014
2017,ngdp_rpch,1.5,rolling window,absolute,bvar_mix,0.668071717137797
2018,ngdp_rpch,1.5,rolling window,absolute,bvar_mix,0.744591611542973
2019,ngdp_rpch,1.5,rolling window,absolute,bvar_mix,0.76096772296597
2020,ngdp_rpch,1.5,rolling window,absolute,bvar_mix,6.54885940550939
2021,ngdp_rpch,1.5,rolling window,absolute,bvar_mix,5.25717456275059
2022,ngdp_rpch,1.5,rolling window,absolute,bvar_mix,0.920358550107868
2023,ngdp_rpch,1.5,rolling window,absolute,bvar_mix,1.06032753663091
2013,pcpi_pch,0,rolling window,absolute,bvar_mix,0.0840292466594163
2014,pcpi_pch,0,rolling window,absolute,bvar_mix,0.093323632671593
2015,pcpi_pch,0,rolling window,absolute,bvar_mix,0.0895800383020494
2016,pcpi_pch,0,rolling window,absolute,bvar_mix,0.0742043217009869
2017,pcpi_pch,0,rolling window,absolute,bvar_mix,0.0689459086767448
2018,pcpi_pch,0,rolling window,absolute,bvar_mix,0.0930201331798673
2019,pcpi_pch,0,rolling window,absolute,bvar_mix,0.0748802460304068
2020,pcpi_pch,0,rolling window,absolute,bvar_mix,0.197497535861779
2021,pcpi_pch,0,rolling window,absolute,bvar_mix,0.0845640960339688
2022,pcpi_pch,0,rolling window,absolute,bvar_mix,0.158521671179676
2023,pcpi_pch,0,rolling window,absolute,bvar_mix,0.106780124094397
2013,pcpi_pch,0.5,rolling window,absolute,bvar_mix,0.220286869528034
2014,pcpi_pch,0.5,rolling window,absolute,bvar_mix,0.387690221469847
2015,pcpi_pch,0.5,rolling window,absolute,bvar_mix,0.296770989519756
2016,pcpi_pch,0.5,rolling window,absolute,bvar_mix,0.349836395615907
2017,pcpi_pch,0.5,rolling window,absolute,bvar_mix,0.34472403362851
2018,pcpi_pch,0.5,rolling window,absolute,bvar_mix,0.283945824098617
2019,pcpi_pch,0.5,rolling window,absolute,bvar_mix,0.349713366077108
2020,pcpi_pch,0.5,rolling window,absolute,bvar_mix,0.475514330899583
2021,pcpi_pch,0.5,rolling window,absolute,bvar_mix,0.474581666201545
2022,pcpi_pch,0.5,rolling window,absolute,bvar_mix,0.789547506722679
2023,pcpi_pch,0.5,rolling window,absolute,bvar_mix,0.290152951833329
2013,pcpi_pch,1,rolling window,absolute,bvar_mix,0.486909351782221
2014,pcpi_pch,1,rolling window,absolute,bvar_mix,0.722111397647734
2015,pcpi_pch,1,rolling window,absolute,bvar_mix,0.824933473410004
2016,pcpi_pch,1,rolling window,absolute,bvar_mix,0.688568065153304
2017,pcpi_pch,1,rolling window,absolute,bvar_mix,0.481911371288263
2018,pcpi_pch,1,rolling window,absolute,bvar_mix,0.480862750640298
2019,pcpi_pch,1,rolling window,absolute,bvar_mix,0.655128529358534
2020,pcpi_pch,1,rolling window,absolute,bvar_mix,0.903393390236407
2021,pcpi_pch,1,rolling window,absolute,bvar_mix,0.806779929014849
2022,pcpi_pch,1,rolling window,absolute,bvar_mix,2.22474860897185
2023,pcpi_pch,1,rolling window,absolute,bvar_mix,0.69163853862535
2013,pcpi_pch,1.5,rolling window,absolute,bvar_mix,1.05157344408461
2014,pcpi_pch,1.5,rolling window,absolute,bvar_mix,0.867020615397532
2015,pcpi_pch,1.5,rolling window,absolute,bvar_mix,1.33983356666508
2016,pcpi_pch,1.5,rolling window,absolute,bvar_mix,0.711650474812962
2017,pcpi_pch,1.5,rolling window,absolute,bvar_mix,0.566797664791012
2018,pcpi_pch,1.5,rolling window,absolute,bvar_mix,0.682750264856541
2019,pcpi_pch,1.5,rolling window,absolute,bvar_mix,0.749182378261471
2020,pcpi_pch,1.5,rolling window,absolute,bvar_mix,0.894279164459257
2021,pcpi_pch,1.5,rolling window,absolute,bvar_mix,1.59192741740313
2022,pcpi_pch,1.5,rolling window,absolute,bvar_mix,2.15448481710946
2023,pcpi_pch,1.5,rolling window,absolute,bvar_mix,1.39304626390128
2013,ngdp_rpch,0,rolling window,absolute,bvar_mix-direct,0.0728797604235098
2014,ngdp_rpch,0,rolling window,absolute,bvar_mix-direct,0.077410567639032
2015,ngdp_rpch,0,rolling window,absolute,bvar_mix-direct,0.0706137142920183
2016,ngdp_rpch,0,rolling window,absolute,bvar_mix-direct,0.0623869259147411
2017,ngdp_rpch,0,rolling window,absolute,bvar_mix-direct,0.0595620055220843
2018,ngdp_rpch,0,rolling window,absolute,bvar_mix-direct,0.069944885632637
2019,ngdp_rpch,0,rolling window,absolute,bvar_mix-direct,0.185805247911063
2020,ngdp_rpch,0,rolling window,absolute,bvar_mix-direct,0.557993030539901
2021,ngdp_rpch,0,rolling window,absolute,bvar_mix-direct,0.128147882924632
2022,ngdp_rpch,0,rolling window,absolute,bvar_mix-direct,0.114311558329165
2023,ngdp_rpch,0,rolling window,absolute,bvar_mix-direct,0.109208613207237
2013,ngdp_rpch,0.5,rolling window,absolute,bvar_mix-direct,0.322881369880816
2014,ngdp_rpch,0.5,rolling window,absolute,bvar_mix-direct,0.524060431304774
2015,ngdp_rpch,0.5,rolling window,absolute,bvar_mix-direct,0.357555602476361
2016,ngdp_rpch,0.5,rolling window,absolute,bvar_mix-direct,0.342089103132398
2017,ngdp_rpch,0.5,rolling window,absolute,bvar_mix-direct,0.290573385973146
2018,ngdp_rpch,0.5,rolling window,absolute,bvar_mix-direct,0.310297724844264
2019,ngdp_rpch,0.5,rolling window,absolute,bvar_mix-direct,0.297373387702396
2020,ngdp_rpch,0.5,rolling window,absolute,bvar_mix-direct,2.42528630751151
2021,ngdp_rpch,0.5,rolling window,absolute,bvar_mix-direct,1.6940795777954
2022,ngdp_rpch,0.5,rolling window,absolute,bvar_mix-direct,0.400936472717898
2023,ngdp_rpch,0.5,rolling window,absolute,bvar_mix-direct,0.443449539683997
2013,ngdp_rpch,1,rolling window,absolute,bvar_mix-direct,0.751738792752576
2014,ngdp_rpch,1,rolling window,absolute,bvar_mix-direct,0.722685603446361
2015,ngdp_rpch,1,rolling window,absolute,bvar_mix-direct,0.803610749975973
2016,ngdp_rpch,1,rolling window,absolute,bvar_mix-direct,0.605303800711684
2017,ngdp_rpch,1,rolling window,absolute,bvar_mix-direct,0.559054696473223
2018,ngdp_rpch,1,rolling window,absolute,bvar_mix-direct,0.686647630995766
2019,ngdp_rpch,1,rolling window,absolute,bvar_mix-direct,0.530141989087544
2020,ngdp_rpch,1,rolling window,absolute,bvar_mix-direct,6.78278193576307
2021,ngdp_rpch,1,rolling window,absolute,bvar_mix-direct,2.5837940111166
2022,ngdp_rpch,1,rolling window,absolute,bvar_mix-direct,0.582746176920652
2023,ngdp_rpch,1,rolling window,absolute,bvar_mix-direct,0.847567265224145
2013,ngdp_rpch,1.5,rolling window,absolute,bvar_mix-direct,0.938985824883424
2014,ngdp_rpch,1.5,rolling window,absolute,bvar_mix-direct,0.767685333780512
2015,ngdp_rpch,1.5,rolling window,absolute,bvar_mix-direct,0.689171393269198
2016,ngdp_rpch,1.5,rolling window,absolute,bvar_mix-direct,0.774849575631266
2017,ngdp_rpch,1.5,rolling window,absolute,bvar_mix-direct,0.637324122277427
2018,ngdp_rpch,1.5,rolling window,absolute,bvar_mix-direct,0.72932529993974
2019,ngdp_rpch,1.5,rolling window,absolute,bvar_mix-direct,0.764233080277086
2020,ngdp_rpch,1.5,rolling window,absolute,bvar_mix-direct,6.77821233590033
2021,ngdp_rpch,1.5,rolling window,absolute,bvar_mix-direct,4.96777109775782
2022,ngdp_rpch,1.5,rolling window,absolute,bvar_mix-direct,0.888488644892657
2023,ngdp_rpch,1.5,rolling window,absolute,bvar_mix-direct,0.940546749440236
2013,pcpi_pch,0,rolling window,absolute,bvar_mix-direct,0.0937226437875048
2014,pcpi_pch,0,rolling window,absolute,bvar_mix-direct,0.0982658930146013
2015,pcpi_pch,0,rolling window,absolute,bvar_mix-direct,0.0937020739171137
2016,pcpi_pch,0,rolling window,absolute,bvar_mix-direct,0.0760830678852977
2017,pcpi_pch,0,rolling window,absolute,bvar_mix-direct,0.0669429118650056
2018,pcpi_pch,0,rolling window,absolute,bvar_mix-direct,0.0954856450246422
2019,pcpi_pch,0,rolling window,absolute,bvar_mix-direct,0.0781078338650466
2020,pcpi_pch,0,rolling window,absolute,bvar_mix-direct,0.163087776528909
2021,pcpi_pch,0,rolling window,absolute,bvar_mix-direct,0.071200081329943
2022,pcpi_pch,0,rolling window,absolute,bvar_mix-direct,0.160789523175723
2023,pcpi_pch,0,rolling window,absolute,bvar_mix-direct,0.106455204727958
2013,pcpi_pch,0.5,rolling window,absolute,bvar_mix-direct,0.299212969291932
2014,pcpi_pch,0.5,rolling window,absolute,bvar_mix-direct,0.4441229547877
2015,pcpi_pch,0.5,rolling window,absolute,bvar_mix-direct,0.340209513162265
2016,pcpi_pch,0.5,rolling window,absolute,bvar_mix-direct,0.354680164885753
2017,pcpi_pch,0.5,rolling window,absolute,bvar_mix-direct,0.345484929363671
2018,pcpi_pch,0.5,rolling window,absolute,bvar_mix-direct,0.302888691143171
2019,pcpi_pch,0.5,rolling window,absolute,bvar_mix-direct,0.346472600097689
2020,pcpi_pch,0.5,rolling window,absolute,bvar_mix-direct,0.491703116253974
2021,pcpi_pch,0.5,rolling window,absolute,bvar_mix-direct,0.507038709169614
2022,pcpi_pch,0.5,rolling window,absolute,bvar_mix-direct,0.741588052854051
2023,pcpi_pch,0.5,rolling window,absolute,bvar_mix-direct,0.404532268122356
2013,pcpi_pch,1,rolling window,absolute,bvar_mix-direct,0.70730992757838
2014,pcpi_pch,1,rolling window,absolute,bvar_mix-direct,0.803918704914342
2015,pcpi_pch,1,rolling window,absolute,bvar_mix-direct,0.933223687485829
2016,pcpi_pch,1,rolling window,absolute,bvar_mix-direct,0.807594959647242
2017,pcpi_pch,1,rolling window,absolute,bvar_mix-direct,0.653645332489872
2018,pcpi_pch,1,rolling window,absolute,bvar_mix-direct,0.575493709398353
2019,pcpi_pch,1,rolling window,absolute,bvar_mix-direct,0.677481933597424
2020,pcpi_pch,1,rolling window,absolute,bvar_mix-direct,0.885664871019334
2021,pcpi_pch,1,rolling window,absolute,bvar_mix-direct,1.03228318159332
2022,pcpi_pch,1,rolling window,absolute,bvar_mix-direct,1.8362891691441
2023,pcpi_pch,1,rolling window,absolute,bvar_mix-direct,0.955497449609869
2013,pcpi_pch,1.5,rolling window,absolute,bvar_mix-direct,0.993938378551164
2014,pcpi_pch,1.5,rolling window,absolute,bvar_mix-direct,0.964981450221706
2015,pcpi_pch,1.5,rolling window,absolute,bvar_mix-direct,1.22058337595923
2016,pcpi_pch,1.5,rolling window,absolute,bvar_mix-direct,0.938798371887333
2017,pcpi_pch,1.5,rolling window,absolute,bvar_mix-direct,0.834788450944801
2018,pcpi_pch,1.5,rolling window,absolute,bvar_mix-direct,0.844445609328492
2019,pcpi_pch,1.5,rolling window,absolute,bvar_mix-direct,0.822174694733775
2020,pcpi_pch,1.5,rolling window,absolute,bvar_mix-direct,0.948371461336032
2021,pcpi_pch,1.5,rolling window,absolute,bvar_mix-direct,1.5057454320376
2022,pcpi_pch,1.5,rolling window,absolute,bvar_mix-direct,2.04451907086222
2023,pcpi_pch,1.5,rolling window,absolute,bvar_mix-direct,1.44859695749741
2013,ngdp_rpch,0,rolling window,absolute,bvar_qu-direct,0.0728797604235098
2014,ngdp_rpch,0,rolling window,absolute,bvar_qu-direct,0.077410567639032
2015,ngdp_rpch,0,rolling window,absolute,bvar_qu-direct,0.0706137142920183
2016,ngdp_rpch,0,rolling window,absolute,bvar_qu-direct,0.0623869259147411
2017,ngdp_rpch,0,rolling window,absolute,bvar_qu-direct,0.0595620055220843
2018,ngdp_rpch,0,rolling window,absolute,bvar_qu-direct,0.069944885632637
2019,ngdp_rpch,0,rolling window,absolute,bvar_qu-direct,0.185805247911063
2020,ngdp_rpch,0,rolling window,absolute,bvar_qu-direct,0.751268420836621
2021,ngdp_rpch,0,rolling window,absolute,bvar_qu-direct,0.375699356636387
2022,ngdp_rpch,0,rolling window,absolute,bvar_qu-direct,0.145217563467373
2023,ngdp_rpch,0,rolling window,absolute,bvar_qu-direct,0.0815753518122004
2013,ngdp_rpch,0.5,rolling window,absolute,bvar_qu-direct,0.322881369880816
2014,ngdp_rpch,0.5,rolling window,absolute,bvar_qu-direct,0.524060431304774
2015,ngdp_rpch,0.5,rolling window,absolute,bvar_qu-direct,0.357555602476361
2016,ngdp_rpch,0.5,rolling window,absolute,bvar_qu-direct,0.342089103132398
2017,ngdp_rpch,0.5,rolling window,absolute,bvar_qu-direct,0.290573385973146
2018,ngdp_rpch,0.5,rolling window,absolute,bvar_qu-direct,0.310297724844264
2019,ngdp_rpch,0.5,rolling window,absolute,bvar_qu-direct,0.297373387702396
2020,ngdp_rpch,0.5,rolling window,absolute,bvar_qu-direct,2.28968456272528
2021,ngdp_rpch,0.5,rolling window,absolute,bvar_qu-direct,2.53502263451051
2022,ngdp_rpch,0.5,rolling window,absolute,bvar_qu-direct,0.985299427621633
2023,ngdp_rpch,0.5,rolling window,absolute,bvar_qu-direct,0.486896886764598
2013,ngdp_rpch,1,rolling window,absolute,bvar_qu-direct,0.751738792752576
2014,ngdp_rpch,1,rolling window,absolute,bvar_qu-direct,0.722685603446361
2015,ngdp_rpch,1,rolling window,absolute,bvar_qu-direct,0.803610749975973
2016,ngdp_rpch,1,rolling window,absolute,bvar_qu-direct,0.605303800711684
2017,ngdp_rpch,1,rolling window,absolute,bvar_qu-direct,0.559054696473223
2018,ngdp_rpch,1,rolling window,absolute,bvar_qu-direct,0.686647630995766
2019,ngdp_rpch,1,rolling window,absolute,bvar_qu-direct,0.530141989087544
2020,ngdp_rpch,1,rolling window,absolute,bvar_qu-direct,6.78278193576307
2021,ngdp_rpch,1,rolling window,absolute,bvar_qu-direct,6.65866046539063
2022,ngdp_rpch,1,rolling window,absolute,bvar_qu-direct,3.2230704495224
2023,ngdp_rpch,1,rolling window,absolute,bvar_qu-direct,1.23859044138233
2013,ngdp_rpch,1.5,rolling window,absolute,bvar_qu-direct,0.938985824883424
2014,ngdp_rpch,1.5,rolling window,absolute,bvar_qu-direct,0.767685333780512
2015,ngdp_rpch,1.5,rolling window,absolute,bvar_qu-direct,0.689171393269198
2016,ngdp_rpch,1.5,rolling window,absolute,bvar_qu-direct,0.774849575631266
2017,ngdp_rpch,1.5,rolling window,absolute,bvar_qu-direct,0.637324122277427
2018,ngdp_rpch,1.5,rolling window,absolute,bvar_qu-direct,0.72932529993974
2019,ngdp_rpch,1.5,rolling window,absolute,bvar_qu-direct,0.764233080277086
2020,ngdp_rpch,1.5,rolling window,absolute,bvar_qu-direct,6.77821233590033
2021,ngdp_rpch,1.5,rolling window,absolute,bvar_qu-direct,4.25491068555057
2022,ngdp_rpch,1.5,rolling window,absolute,bvar_qu-direct,5.33659020857832
2023,ngdp_rpch,1.5,rolling window,absolute,bvar_qu-direct,2.12717242338105
2013,pcpi_pch,0,rolling window,absolute,bvar_qu-direct,0.0937226437875048
2014,pcpi_pch,0,rolling window,absolute,bvar_qu-direct,0.0982658930146013
2015,pcpi_pch,0,rolling window,absolute,bvar_qu-direct,0.0937020739171137
2016,pcpi_pch,0,rolling window,absolute,bvar_qu-direct,0.0760830678852977
2017,pcpi_pch,0,rolling window,absolute,bvar_qu-direct,0.0669429118650056
2018,pcpi_pch,0,rolling window,absolute,bvar_qu-direct,0.0954856450246422
2019,pcpi_pch,0,rolling window,absolute,bvar_qu-direct,0.0781078338650466
2020,pcpi_pch,0,rolling window,absolute,bvar_qu-direct,0.220256983617898
2021,pcpi_pch,0,rolling window,absolute,bvar_qu-direct,0.101783282208666
2022,pcpi_pch,0,rolling window,absolute,bvar_qu-direct,0.177554652385615
2023,pcpi_pch,0,rolling window,absolute,bvar_qu-direct,0.103374117465215
2013,pcpi_pch,0.5,rolling window,absolute,bvar_qu-direct,0.299212969291932
2014,pcpi_pch,0.5,rolling window,absolute,bvar_qu-direct,0.4441229547877
2015,pcpi_pch,0.5,rolling window,absolute,bvar_qu-direct,0.340209513162265
2016,pcpi_pch,0.5,rolling window,absolute,bvar_qu-direct,0.354680164885753
2017,pcpi_pch,0.5,rolling window,absolute,bvar_qu-direct,0.345484929363671
2018,pcpi_pch,0.5,rolling window,absolute,bvar_qu-direct,0.302888691143171
2019,pcpi_pch,0.5,rolling window,absolute,bvar_qu-direct,0.346472600097689
2020,pcpi_pch,0.5,rolling window,absolute,bvar_qu-direct,0.471764301408684
2021,pcpi_pch,0.5,rolling window,absolute,bvar_qu-direct,0.815784181443214
2022,pcpi_pch,0.5,rolling window,absolute,bvar_qu-direct,0.926808187571832
2023,pcpi_pch,0.5,rolling window,absolute,bvar_qu-direct,0.487679342499609
2013,pcpi_pch,1,rolling window,absolute,bvar_qu-direct,0.70730992757838
2014,pcpi_pch,1,rolling window,absolute,bvar_qu-direct,0.803918704914342
2015,pcpi_pch,1,rolling window,absolute,bvar_qu-direct,0.933223687485829
2016,pcpi_pch,1,rolling window,absolute,bvar_qu-direct,0.807594959647242
2017,pcpi_pch,1,rolling window,absolute,bvar_qu-direct,0.653645332489872
2018,pcpi_pch,1,rolling window,absolute,bvar_qu-direct,0.575493709398353
2019,pcpi_pch,1,rolling window,absolute,bvar_qu-direct,0.677481933597424
2020,pcpi_pch,1,rolling window,absolute,bvar_qu-direct,0.885664871019334
2021,pcpi_pch,1,rolling window,absolute,bvar_qu-direct,2.27741521449694
2022,pcpi_pch,1,rolling window,absolute,bvar_qu-direct,2.14688826146671
2023,pcpi_pch,1,rolling window,absolute,bvar_qu-direct,1.0710057995025
2013,pcpi_pch,1.5,rolling window,absolute,bvar_qu-direct,0.993938378551164
2014,pcpi_pch,1.5,rolling window,absolute,bvar_qu-direct,0.964981450221706
2015,pcpi_pch,1.5,rolling window,absolute,bvar_qu-direct,1.22058337595923
2016,pcpi_pch,1.5,rolling window,absolute,bvar_qu-direct,0.938798371887333
2017,pcpi_pch,1.5,rolling window,absolute,bvar_qu-direct,0.834788450944801
2018,pcpi_pch,1.5,rolling window,absolute,bvar_qu-direct,0.844445609328492
2019,pcpi_pch,1.5,rolling window,absolute,bvar_qu-direct,0.822174694733775
2020,pcpi_pch,1.5,rolling window,absolute,bvar_qu-direct,0.948371461336032
2021,pcpi_pch,1.5,rolling window,absolute,bvar_qu-direct,1.38591197718268
2022,pcpi_pch,1.5,rolling window,absolute,bvar_qu-direct,2.84882365657941
2023,pcpi_pch,1.5,rolling window,absolute,bvar_qu-direct,1.65302314110376
2013,ngdp_rpch,0,rolling window,absolute,mean_ensemble,0.153809232220691
2014,ngdp_rpch,0,rolling window,absolute,mean_ensemble,0.135837410857937
2015,ngdp_rpch,0,rolling window,absolute,mean_ensemble,0.138420573053404
2016,ngdp_rpch,0,rolling window,absolute,mean_ensemble,0.133077660532595
2017,ngdp_rpch,0,rolling window,absolute,mean_ensemble,0.161351778866607
2018,ngdp_rpch,0,rolling window,absolute,mean_ensemble,0.124831052282363
2019,ngdp_rpch,0,rolling window,absolute,mean_ensemble,0.198198382114797
2020,ngdp_rpch,0,rolling window,absolute,mean_ensemble,0.907463776650444
2021,ngdp_rpch,0,rolling window,absolute,mean_ensemble,0.437461834957913
2022,ngdp_rpch,0,rolling window,absolute,mean_ensemble,0.12673001616902
2023,ngdp_rpch,0,rolling window,absolute,mean_ensemble,0.134358870695689
2013,ngdp_rpch,0.5,rolling window,absolute,mean_ensemble,0.353292246078572
2014,ngdp_rpch,0.5,rolling window,absolute,mean_ensemble,0.438706876620048
2015,ngdp_rpch,0.5,rolling window,absolute,mean_ensemble,0.417626187604854
2016,ngdp_rpch,0.5,rolling window,absolute,mean_ensemble,0.373901336805745
2017,ngdp_rpch,0.5,rolling window,absolute,mean_ensemble,0.362771326219783
2018,ngdp_rpch,0.5,rolling window,absolute,mean_ensemble,0.344942740460825
2019,ngdp_rpch,0.5,rolling window,absolute,mean_ensemble,0.345325813417743
2020,ngdp_rpch,0.5,rolling window,absolute,mean_ensemble,1.29681083404698
2021,ngdp_rpch,0.5,rolling window,absolute,mean_ensemble,1.66938537016266
2022,ngdp_rpch,0.5,rolling window,absolute,mean_ensemble,0.400852955037112
2023,ngdp_rpch,0.5,rolling window,absolute,mean_ensemble,0.338761168258747
2013,ngdp_rpch,1,rolling window,absolute,mean_ensemble,0.732576521735719
2014,ngdp_rpch,1,rolling window,absolute,mean_ensemble,0.766215786498464
2015,ngdp_rpch,1,rolling window,absolute,mean_ensemble,0.830193842510097
2016,ngdp_rpch,1,rolling window,absolute,mean_ensemble,0.716176454662065
2017,ngdp_rpch,1,rolling window,absolute,mean_ensemble,0.670625028200709
2018,ngdp_rpch,1,rolling window,absolute,mean_ensemble,0.685479864909479
2019,ngdp_rpch,1,rolling window,absolute,mean_ensemble,0.669103201848861
2020,ngdp_rpch,1,rolling window,absolute,mean_ensemble,6.49726423776389
2021,ngdp_rpch,1,rolling window,absolute,mean_ensemble,2.17964808412026
2022,ngdp_rpch,1,rolling window,absolute,mean_ensemble,0.684856388037498
2023,ngdp_rpch,1,rolling window,absolute,mean_ensemble,0.673326497922329
2013,ngdp_rpch,1.5,rolling window,absolute,mean_ensemble,0.969172954963738
2014,ngdp_rpch,1.5,rolling window,absolute,mean_ensemble,0.907437906154117
2015,ngdp_rpch,1.5,rolling window,absolute,mean_ensemble,0.863361924855146
2016,ngdp_rpch,1.5,rolling window,absolute,mean_ensemble,0.845209714357229
2017,ngdp_rpch,1.5,rolling window,absolute,mean_ensemble,0.740368494230449
2018,ngdp_rpch,1.5,rolling window,absolute,mean_ensemble,0.759052526397309
2019,ngdp_rpch,1.5,rolling window,absolute,mean_ensemble,0.816586834458775
2020,ngdp_rpch,1.5,rolling window,absolute,mean_ensemble,6.52935611858659
2021,ngdp_rpch,1.5,rolling window,absolute,mean_ensemble,3.77742637561543
2022,ngdp_rpch,1.5,rolling window,absolute,mean_ensemble,0.713634669536808
2023,ngdp_rpch,1.5,rolling window,absolute,mean_ensemble,1.01161013539653
2013,pcpi_pch,0,rolling window,absolute,mean_ensemble,0.101095036357346
2014,pcpi_pch,0,rolling window,absolute,mean_ensemble,0.0909169281820642
2015,pcpi_pch,0,rolling window,absolute,mean_ensemble,0.069303176961587
2016,pcpi_pch,0,rolling window,absolute,mean_ensemble,0.0742088198373961
2017,pcpi_pch,0,rolling window,absolute,mean_ensemble,0.0769918626413903
2018,pcpi_pch,0,rolling window,absolute,mean_ensemble,0.0981344588776241
2019,pcpi_pch,0,rolling window,absolute,mean_ensemble,0.0747112195839143
2020,pcpi_pch,0,rolling window,absolute,mean_ensemble,0.100143969821974
2021,pcpi_pch,0,rolling window,absolute,mean_ensemble,0.079899423276594
2022,pcpi_pch,0,rolling window,absolute,mean_ensemble,0.194034180519203
2023,pcpi_pch,0,rolling window,absolute,mean_ensemble,0.184994203315523
2013,pcpi_pch,0.5,rolling window,absolute,mean_ensemble,0.247186217712625
2014,pcpi_pch,0.5,rolling window,absolute,mean_ensemble,0.312218480805641
2015,pcpi_pch,0.5,rolling window,absolute,mean_ensemble,0.223221306268281
2016,pcpi_pch,0.5,rolling window,absolute,mean_ensemble,0.238320710300929
2017,pcpi_pch,0.5,rolling window,absolute,mean_ensemble,0.276272149460432
2018,pcpi_pch,0.5,rolling window,absolute,mean_ensemble,0.245567613206178
2019,pcpi_pch,0.5,rolling window,absolute,mean_ensemble,0.278388604435537
2020,pcpi_pch,0.5,rolling window,absolute,mean_ensemble,0.250270628849108
2021,pcpi_pch,0.5,rolling window,absolute,mean_ensemble,0.54816038521747
2022,pcpi_pch,0.5,rolling window,absolute,mean_ensemble,0.679970869970118
2023,pcpi_pch,0.5,rolling window,absolute,mean_ensemble,0.233199694467608
2013,pcpi_pch,1,rolling window,absolute,mean_ensemble,0.576148436919691
2014,pcpi_pch,1,rolling window,absolute,mean_ensemble,0.764907773597597
2015,pcpi_pch,1,rolling window,absolute,mean_ensemble,0.912688071129636
2016,pcpi_pch,1,rolling window,absolute,mean_ensemble,0.656116451576251
2017,pcpi_pch,1,rolling window,absolute,mean_ensemble,0.536935893675181
2018,pcpi_pch,1,rolling window,absolute,mean_ensemble,0.5607937788892
2019,pcpi_pch,1,rolling window,absolute,mean_ensemble,0.678245005147837
2020,pcpi_pch,1,rolling window,absolute,mean_ensemble,0.985706571932239
2021,pcpi_pch,1,rolling window,absolute,mean_ensemble,0.681296160054068
2022,pcpi_pch,1,rolling window,absolute,mean_ensemble,2.91146731466485
2023,pcpi_pch,1,rolling window,absolute,mean_ensemble,0.545461670457369
2013,pcpi_pch,1.5,rolling window,absolute,mean_ensemble,1.05773134263399
2014,pcpi_pch,1.5,rolling window,absolute,mean_ensemble,0.90502006461917
2015,pcpi_pch,1.5,rolling window,absolute,mean_ensemble,1.35126719956971
2016,pcpi_pch,1.5,rolling window,absolute,mean_ensemble,0.813937140573023
2017,pcpi_pch,1.5,rolling window,absolute,mean_ensemble,0.752352919938677
2018,pcpi_pch,1.5,rolling window,absolute,mean_ensemble,0.781447113829083
2019,pcpi_pch,1.5,rolling window,absolute,mean_ensemble,0.852098309666418
2020,pcpi_pch,1.5,rolling window,absolute,mean_ensemble,1.04684986547172
2021,pcpi_pch,1.5,rolling window,absolute,mean_ensemble,0.842160211193036
2022,pcpi_pch,1.5,rolling window,absolute,mean_ensemble,3.03383987847319
2023,pcpi_pch,1.5,rolling window,absolute,mean_ensemble,1.03762647692076
